MakeName,ListingCount,Percentage
Toyota,2784,16.7
Hyundai,1239,7.43
Mazda,1174,7.04
Holden,1087,6.52
Ford,1055,6.33
Mitsubishi,1038,6.22
Nissan,1033,6.19
Volkswagen,887,5.32
Kia,809,4.85
Mercedes-Benz,623,3.74
Subaru,567,3.4
BMW,478,2.87
Audi,458,2.75
Honda,365,2.19
Jeep,320,1.92
Suzuki,304,1.82
MG,280,1.68
Land,237,1.42
Isuzu,220,1.32
GWM,190,1.14
Lexus,183,1.1
Renault,176,1.06
Volvo,127,0.76
LDV,124,0.74
Skoda,111,0.67
Porsche,97,0.58
Mini,80,0.48
Peugeot,59,0.35
Ssangyong,55,0.33
Jaguar,51,0.31
HSV,44,0.26
Iveco,37,0.22
Fiat,36,0.22
Ram,33,0.2
Hino,26,0.16
Chrysler,26,0.16
Haval,22,0.13
Great,16,0.1
Maserati,16,0.1
Tesla,16,0.1
Citroen,15,0.09
Genesis,14,0.08
Alfa,14,0.08
Chevrolet,13,0.08
Dodge,13,0.08
Bentley,12,0.07
Mahindra,12,0.07
Daihatsu,11,0.07
Chery,10,0.06
McLaren,8,0.05
Ferrari,8,0.05
Cupra,8,0.05
FPV,5,0.03
Aston,5,0.03
Opel,4,0.02
Foton,4,0.02
Rover,3,0.02
BYD,3,0.02
Abarth,3,0.02
Ineos,3,0.02
Infiniti,3,0.02
Lotus,3,0.02
Caterham,2,0.01
Saab,2,0.01
International,2,0.01
Lamborghini,2,0.01
Daewoo,1,0.01
Geely,1,0.01
Hummer,1,0.01
Datsun,1,0.01
Polestar,1,0.01
Packard,1,0.01
Smart,1,0.01
Rolls-Royce,1,0.01
Proton,1,0.01
Tata,1,0.01
