ModelName,ListingCount,Percentage
Hilux,430,2.58
Corolla,405,2.43
Ranger,398,2.39
Landcruiser,370,2.22
I30,366,2.19
RAV4,344,2.06
Triton,304,1.82
Commodore,283,1.7
X-Trail,263,1.58
Navara,247,1.48
Camry,246,1.48
3,240,1.44
Rover,237,1.42
Cerato,233,1.4
Outlander,229,1.37
CX-5,221,1.33
HiAce,208,1.25
Tiguan,203,1.22
Tucson,198,1.19
BT-50,197,1.18
Colorado,197,1.18
Grand,195,1.17
Golf,188,1.13
Kluger,180,1.08
ASX,165,0.99
Forester,156,0.94
Sportage,152,0.91
Captiva,138,0.83
Pajero,135,0.81
D-MAX,132,0.79
Santa,129,0.77
CX-9,124,0.74
Yaris,120,0.72
HS,116,0.7
Swift,115,0.69
Haval,113,0.68
CR-V,111,0.67
Kona,109,0.65
Territory,106,0.64
Falcon,106,0.64
Carnival,105,0.63
Cruze,105,0.63
Outback,105,0.63
Qashqai,102,0.61
Amarok,98,0.59
6,94,0.56
Lancer,94,0.56
Estima,89,0.53
Impreza,88,0.53
UTE,88,0.53
Focus,86,0.52
C-HR,85,0.51
Sorento,85,0.51
2,84,0.5
XV,83,0.5
Everest,81,0.49
CX-3,80,0.48
Civic,80,0.48
X3,77,0.46
Pathfinder,74,0.44
Q5,73,0.44
Wrangler,73,0.44
Polo,69,0.41
Patrol,67,0.4
Koleos,67,0.4
RIO,66,0.4
Accent,61,0.37
Iload,60,0.36
ZST,60,0.36
A3,59,0.35
MU-X,59,0.35
IX35,59,0.35
Barina,58,0.35
X5,58,0.35
WRX,56,0.34
Calais,54,0.32
Liberty,53,0.32
Vitara,53,0.32
Mustang,53,0.32
Astra,51,0.31
MG3,51,0.31
Eclipse,51,0.31
Passat,51,0.31
C200,50,0.3
Q3,50,0.3
Elgrand,49,0.29
ZS,49,0.29
XC60,49,0.29
T60,49,0.29
T-ROC,48,0.29
Q7,48,0.29
T-Cross,47,0.28
CX-30,45,0.27
Fiesta,44,0.26
Picanto,44,0.26
Trax,44,0.26
HR-V,41,0.25
Elantra,41,0.25
Escape,40,0.24
Stinger,40,0.24
Compass,39,0.23
CX-8,39,0.23
A4,39,0.23
Dualis,37,0.22
Veloster,37,0.22
X1,37,0.22
Caddy,36,0.22
Accord,36,0.22
Jazz,35,0.21
Land,35,0.21
Pulsar,34,0.2
Cayenne,34,0.2
Sprinter,33,0.2
Touareg,32,0.19
1500,32,0.19
500,32,0.19
Jimny,32,0.19
Octavia,31,0.19
G10,31,0.19
C250,30,0.18
Sonata,29,0.17
Tarago,29,0.17
A1,28,0.17
A5,28,0.17
I20,28,0.17
Trailblazer,28,0.17
Odyssey,28,0.17
Baleno,27,0.16
Mondeo,27,0.16
Fortuner,27,0.16
Crafter,26,0.16
CX-7,26,0.16
Cooper,26,0.16
Musso,25,0.15
Juke,25,0.15
Puma,25,0.15
Megane,25,0.15
Rodeo,24,0.14
86,24,0.14
300,24,0.14
Transit,24,0.14
Stonic,23,0.14
C300,23,0.14
Multivan,23,0.14
Kodiaq,23,0.14
Macan,23,0.14
Leaf,23,0.14
Imax,23,0.14
Transporter,22,0.13
320I,22,0.13
Clubsport,22,0.13
Aurion,22,0.13
Q2,21,0.13
D90,21,0.13
Crown,21,0.13
XC40,21,0.13
Cherokee,20,0.12
Ignis,20,0.12
C63,20,0.12
Venue,20,0.12
Daily,20,0.12
SQ5,19,0.11
A200,19,0.11
Countryman,19,0.11
308,19,0.11
X4,19,0.11
Rav,19,0.11
Delica,19,0.11
XC90,18,0.11
Prius,18,0.11
Arteon,18,0.11
Getz,18,0.11
Kuga,18,0.11
Vito,18,0.11
118I,17,0.1
Trafic,17,0.1
Captur,17,0.1
Arkana,17,0.1
S3,17,0.1
Kamiq,16,0.1
GLC,16,0.1
RX350,16,0.1
Fit,16,0.1
Wall,16,0.1
Superb,16,0.1
Model,16,0.1
Rexton,16,0.1
Xc,15,0.09
Palisade,15,0.09
Equinox,15,0.09
E250,15,0.09
Endura,15,0.09
Seltos,15,0.09
A250,15,0.09
Micra,15,0.09
Alphard,15,0.09
Romeo,14,0.08
911,14,0.08
GLC250,14,0.08
Gladiator,14,0.08
Acadia,14,0.08
F-Pace,13,0.08
I40,13,0.08
Mirage,13,0.08
330I,13,0.08
A6,13,0.08
RX450H,13,0.08
MX-5,13,0.08
Kangoo,12,0.07
FJ,12,0.07
220I,12,0.07
Stralis,12,0.07
RS,12,0.07
GLA250,12,0.07
Serena,12,0.07
BRZ,12,0.07
C-CLASS,12,0.07
CLA45,12,0.07
Challenger,11,0.07
Maxima,11,0.07
Vellfire,11,0.07
320D,11,0.07
Skyline,11,0.07
3008,11,0.07
Ecosport,11,0.07
NX300,11,0.07
3D,11,0.07
ML350,11,0.07
A180,11,0.07
Patriot,11,0.07
Tank,11,0.07
Caprice,11,0.07
Hijet,10,0.06
Voxy,10,0.06
CLA250,10,0.06
Master,10,0.06
Karoq,10,0.06
Optima,10,0.06
S-Cross,10,0.06
Jetta,10,0.06
M3,10,0.06
E200,10,0.06
E350,9,0.05
Deliver,9,0.05
Tiida,9,0.05
X6,9,0.05
E-Pace,9,0.05
X2,9,0.05
ES300H,9,0.05
Korando,9,0.05
Clio,9,0.05
Caravan,9,0.05
GR,9,0.05
A45,9,0.05
C43,9,0.05
Journey,9,0.05
Clubman,9,0.05
SX4,9,0.05
TT,9,0.05
ES250,9,0.05
V80,9,0.05
Crewman,8,0.05
I45,8,0.05
UX200,8,0.05
F,8,0.05
IS350,8,0.05
S-Class,8,0.05
718,8,0.05
420I,8,0.05
328I,8,0.05
Trucks,8,0.05
Silverado,8,0.05
Express,8,0.05
5,8,0.05
Omoda5,8,0.05
Alto,8,0.05
S60,8,0.05
Continental,8,0.05
370Z,7,0.04
B200,7,0.04
Murano,7,0.04
PIK-UP,7,0.04
NX200T,7,0.04
Jolion,7,0.04
H9,7,0.04
CLA200,7,0.04
Supra,7,0.04
XE,7,0.04
XF,7,0.04
740I,7,0.04
Freemont,7,0.04
Echo,7,0.04
E400,6,0.04
CLA,6,0.04
S5,6,0.04
S450,6,0.04
GLC63,6,0.04
GLC200,6,0.04
Statesman,6,0.04
Convertible,6,0.04
CLC200,6,0.04
GLE350,6,0.04
M5,6,0.04
GLE,6,0.04
GLA180,6,0.04
Note,6,0.04
Cube,6,0.04
IS300H,6,0.04
Panamera,6,0.04
2008,6,0.04
GLA45,6,0.04
Boxster,6,0.04
218I,6,0.04
Fabia,6,0.04
IS250,6,0.04
RX,6,0.04
M2,6,0.04
V40,6,0.04
Niro,6,0.04
Other,6,0.04
Vezel,6,0.04
City,6,0.04
E-Tron,6,0.04
Q8,5,0.03
GTS,5,0.03
NX,5,0.03
NX300H,5,0.03
Rondo,5,0.03
EOS,5,0.03
RC350,5,0.03
430I,5,0.03
Granturismo,5,0.03
F-Type,5,0.03
Scala,5,0.03
CT200H,5,0.03
IS200T,5,0.03
Tribeca,5,0.03
Noah,5,0.03
Sai,5,0.03
1,5,0.03
Ducato,5,0.03
Ghibli,5,0.03
Tribute,5,0.03
GLC43,5,0.03
Terracan,5,0.03
S4,5,0.03
118D,5,0.03
Corvette,5,0.03
Berlingo,5,0.03
Martin,5,0.03
Eurocargo,5,0.03
FRR,5,0.03
Taycan,5,0.03
H2,5,0.03
C180,5,0.03
ML250,5,0.03
NX350,4,0.02
GV80,4,0.02
Renegade,4,0.02
Z4,4,0.02
Levorg,4,0.02
Mifa,4,0.02
IX,4,0.02
Courier,4,0.02
530I,4,0.02
M140I,4,0.02
M135I,4,0.02
M235I,4,0.02
RX300,4,0.02
GT-R,4,0.02
CLK320,4,0.02
GLA,4,0.02
E300,4,0.02
X250,4,0.02
Glb,4,0.02
M4,4,0.02
CLS250,4,0.02
207,4,0.02
Expert,4,0.02
300C,4,0.02
Adventra,4,0.02
ML320,4,0.02
5D,4,0.02
Staria,4,0.02
GLE63,4,0.02
MPV,4,0.02
Monaro,4,0.02
Ioniq,4,0.02
EV6,4,0.02
Senator,4,0.02
Gtsr,4,0.02
X7,4,0.02
V250,4,0.02
Cascada,4,0.02
Malibu,4,0.02
Avensis,4,0.02
M-Class,4,0.02
C220,4,0.02
SQ7,4,0.02
B-Class,4,0.02
ML63,4,0.02
125I,4,0.02
Mazda3,4,0.02
Scirocco,4,0.02
NX350H,4,0.02
225I,3,0.02
Rapid,3,0.02
Levante,3,0.02
323I,3,0.02
CX-60,3,0.02
MX-30,3,0.02
X,3,0.02
RX330,3,0.02
Tunland,3,0.02
G80,3,0.02
G70,3,0.02
Commander,3,0.02
RX270,3,0.02
C40,3,0.02
4,3,0.02
Every,3,0.02
Carry,3,0.02
428I,3,0.02
Coupe,3,0.02
GR86,3,0.02
Mini,3,0.02
Actyon,3,0.02
RX350L,3,0.02
LX570,3,0.02
CT,3,0.02
Legacy,3,0.02
C30,3,0.02
Beetle,3,0.02
GLA200,3,0.02
Genesis,3,0.02
California,3,0.02
Maloo,3,0.02
380,3,0.02
Nitro,3,0.02
H6,3,0.02
C5,3,0.02
B180,3,0.02
AMG,3,0.02
G63,3,0.02
E500,3,0.02
Steed,3,0.02
Ateca,3,0.02
Formentor,3,0.02
Sebring,3,0.02
Altima,3,0.02
FSR,3,0.02
NLR,3,0.02
Z,3,0.02
GLA35,3,0.02
GLC300,3,0.02
A-CLASS,3,0.02
116I,3,0.02
GLS350,3,0.02
X350,3,0.02
NNR,3,0.02
Grenadier,3,0.02
5008,3,0.02
720S,3,0.02
208,3,0.02
4008,3,0.02
RS3,3,0.02
GV70,3,0.02
LX500D,3,0.02
RS4,2,0.01
595,2,0.01
Integra,2,0.01
CR-Z,2,0.01
RS6,2,0.01
R8,2,0.01
I-Pace,2,0.01
228I,2,0.01
LX450D,2,0.01
3-Sep,2,0.01
Stavic,2,0.01
Evora,2,0.01
Scorpio-N,2,0.01
Fairlane,2,0.01
Soul,2,0.01
RX450HL,2,0.01
GS,2,0.01
Pursuit,2,0.01
Epica,2,0.01
Caravelle,2,0.01
7,2,0.01
IS300,2,0.01
Kizashi,2,0.01
M240I,2,0.01
RC,2,0.01
M8,2,0.01
520D,2,0.01
218D,2,0.01
XJ8,2,0.01
323,2,0.01
CX30,2,0.01
128TI,2,0.01
E2000,2,0.01
Scudo,2,0.01
Doblo,2,0.01
XUV500,2,0.01
Grancabrio,2,0.01
Alpina,2,0.01
335I,2,0.01
GLE250,2,0.01
Maybach,2,0.01
CLS53,2,0.01
GLA220,2,0.01
325I,2,0.01
318I,2,0.01
CLS500,2,0.01
NLS,2,0.01
Q50,2,0.01
Valente,2,0.01
Mazda2,2,0.01
407,2,0.01
508,2,0.01
570S,2,0.01
NQR,2,0.01
NPR,2,0.01
NMR,2,0.01
Prostar,2,0.01
FVD,2,0.01
E220,2,0.01
MB100,2,0.01
GL63,2,0.01
Coaster,2,0.01
E55,2,0.01
Seven,2,0.01
S350,2,0.01
Atto,2,0.01
ML500,2,0.01
Magna,2,0.01
Mulsanne,2,0.01
ORA,2,0.01
Ractis,2,0.01
Avalon,2,0.01
GLE450,2,0.01
E-CLASS,2,0.01
CLS350,2,0.01
700,2,0.01
Celica,2,0.01
DS3,2,0.01
GLE400,2,0.01
Mark,2,0.01
Granvia,2,0.01
Combo,2,0.01
C3,2,0.01
Berlina,2,0.01
Altezza,2,0.01
190,2,0.01
B250,2,0.01
GLS500,2,0.01
230I,2,0.01
435I,2,0.01
135I,2,0.01
SQ2,2,0.01
A7,2,0.01
RS5,1,0.01
420D,1,0.01
M6,1,0.01
M440I,1,0.01
340I,1,0.01
SQ8,1,0.01
A8,1,0.01
EQB,1,0.01
S430,1,0.01
CLK63,1,0.01
ML300,1,0.01
S65,1,0.01
E63,1,0.01
GL500,1,0.01
GLS,1,0.01
A170,1,0.01
560,1,0.01
EQA,1,0.01
A190,1,0.01
420,1,0.01
GLE53,1,0.01
Marco,1,0.01
GLC350,1,0.01
R300,1,0.01
DS4,1,0.01
PT,1,0.01
J3,1,0.01
J11,1,0.01
MG6,1,0.01
E240,1,0.01
GLC220,1,0.01
SL500,1,0.01
SL55,1,0.01
812,1,0.01
612,1,0.01
GTC4,1,0.01
360,1,0.01
Viper,1,0.01
Stanza,1,0.01
Midget,1,0.01
Fuso,1,0.01
Airtrek,1,0.01
Verada,1,0.01
Colt,1,0.01
Cabrio,1,0.01
Paceman,1,0.01
Cooper_Countryman,1,0.01
Roadster,1,0.01
C4,1,0.01
Lanos,1,0.01
Born,1,0.01
Leon,1,0.01
CLK500,1,0.01
CLA35,1,0.01
SLK350,1,0.01
R-Class,1,0.01
SL350,1,0.01
CLK-Class,1,0.01
A35,1,0.01
ML400,1,0.01
GL-Class,1,0.01
C320,1,0.01
Viano,1,0.01
GLE43,1,0.01
G350,1,0.01
T3,1,0.01
I3,1,0.01
320CI,1,0.01
530E,1,0.01
300ZX,1,0.01
Silvia,1,0.01
E53,1,0.01
S63,1,0.01
CLK280,1,0.01
C350,1,0.01
SLC,1,0.01
EQC,1,0.01
S450L,1,0.01
Corsa,1,0.01
Almera,1,0.01
NV350,1,0.01
Atlas,1,0.01
350Z,1,0.01
180,1,0.01
Stagea,1,0.01
E20,1,0.01
C230,1,0.01
EQS53,1,0.01
V,1,0.01
R320,1,0.01
GL320,1,0.01
G-Class,1,0.01
GLE300,1,0.01
650S,1,0.01
600LT,1,0.01
540C,1,0.01
Cayman,1,0.01
RCZ,1,0.01
307,1,0.01
120,1,0.01
SP23,1,0.01
B4000,1,0.01
B2500,1,0.01
RX-8,1,0.01
121,1,0.01
Axela,1,0.01
CX-90,1,0.01
2500,1,0.01
S16,1,0.01
520I,1,0.01
530D,1,0.01
120D,1,0.01
740LI,1,0.01
2002,1,0.01
316I,1,0.01
Quattroporte,1,0.01
F250,1,0.01
Maverick,1,0.01
500X,1,0.01
Punto,1,0.01
Panda,1,0.01
F430,1,0.01
250,1,0.01
XUV700,1,0.01
Elise,1,0.01
ES300,1,0.01
RX500H,1,0.01
Fortwo,1,0.01
Roomster,1,0.01
Ghost,1,0.01
Laguna,1,0.01
Kadjar,1,0.01
IS250C,1,0.01
LX470,1,0.01
GS250,1,0.01
GS350,1,0.01
LX600,1,0.01
Sambar,1,0.01
M340I,1,0.01
220D,1,0.01
120I,1,0.01
I8,1,0.01
525I,1,0.01
LS500H,1,0.01
LC500,1,0.01
LS500,1,0.01
RC200T,1,0.01
ES350,1,0.01
UX,1,0.01
SC430,1,0.01
NX250,1,0.01
LS460,1,0.01
GS450H,1,0.01
Edeliver,1,0.01
Aventador,1,0.01
Urus,1,0.01
K2700,1,0.01
F450,1,0.01
GT40,1,0.01
8,1,0.01
Regius,1,0.01
Xenon,1,0.01
Celerio,1,0.01
XL-7,1,0.01
Sierra,1,0.01
APV,1,0.01
Crosstrek,1,0.01
Laser,1,0.01
Festiva,1,0.01
FPV,1,0.01
Fairmont,1,0.01
GV60,1,0.01
MK,1,0.01
GT,1,0.01
F6,1,0.01
Aumark,1,0.01
Spectra,1,0.01
XKR,1,0.01
Xjsc,1,0.01
XJ,1,0.01
330CI,1,0.01
730D,1,0.01
330D,1,0.01
FRD,1,0.01
FVL,1,0.01
FTS,1,0.01
FYX,1,0.01
FYJ,1,0.01
Q60,1,0.01
H8,1,0.01
X200,1,0.01
V240,1,0.01
I4,1,0.01
Century,1,0.01
Mr,1,0.01
Caldina,1,0.01
Trajet,1,0.01
Vectra,1,0.01
Jackaroo,1,0.01
Viva,1,0.01
Avalanche,1,0.01
Grange,1,0.01
ZR-V,1,0.01
HDT,1,0.01
Spark,1,0.01
XC70,1,0.01
V50,1,0.01
V60,1,0.01
S40,1,0.01
695,1,0.01
CC,1,0.01
Tundra,1,0.01
Prius-C,1,0.01
Arnage,1,0.01
Flying,1,0.01
