MakeName,ListingCount,AveragePrice,MedianPrice,AverageKilometres,AverageVehicleAge
Abarth,3,39934.666666666664,37990.0,9372.666666666666,4.666666666666667
Alfa,14,24295.85714285714,12992.5,107875.28571428571,12.0
Aston,5,284275.8,369000.0,46251.75,9.6
Audi,458,51846.61135371179,39944.0,77896.0310421286,9.148471615720524
BMW,478,51750.52928870293,38859.0,91810.76470588235,10.416317991631798
BYD,3,44950.0,49950.0,536.5,3.6666666666666665
Bentley,12,289942.1666666667,239439.0,52655.75,12.333333333333334
Caterham,2,103941.0,103941.0,,3.0
Chery,10,29570.9,34190.0,27747.875,5.2
Chevrolet,13,150111.0,129990.0,42269.153846153844,11.461538461538462
Chrysler,26,31847.96153846154,24943.5,120267.5,13.692307692307692
Citroen,15,21875.333333333332,17880.0,97468.57142857143,10.266666666666667
Cupra,8,65182.5,65370.0,2717.0,3.875
Daewoo,1,900.0,900.0,310000.0,28.0
Daihatsu,11,27102.454545454544,26888.0,16333.6,10.909090909090908
Datsun,1,29888.0,29888.0,99999.0,47.0
Dodge,13,25870.23076923077,12995.0,136091.0,15.538461538461538
FPV,5,52367.4,57957.0,153424.4,16.8
Ferrari,8,507441.0,339945.0,32300.571428571428,20.75
Fiat,36,20343.722222222223,14990.0,96679.05555555556,10.722222222222221
Ford,1055,33335.22180094787,28998.0,129607.643129771,11.001895734597156
Foton,4,26244.5,20494.5,81186.33333333333,8.5
GWM,190,40208.68108108108,40990.0,5001.846994535519,3.7578947368421054
Geely,1,6450.0,6450.0,19063.0,14.0
Genesis,14,98190.85714285714,100044.0,24845.5,3.5
Great,16,13059.6875,12492.5,109789.4375,11.5625
HSV,44,76732.81818181818,64934.0,102506.45454545454,15.068181818181818
Haval,22,32574.545454545456,32494.5,36451.71428571428,5.2727272727272725
Hino,26,122968.76923076923,111228.5,,3.0
Holden,1087,21107.073597056118,17990.0,143385.29070837167,12.784728610855566
Honda,365,24711.01917808219,23000.0,99916.63535911602,11.64109589041096
Hummer,1,52999.0,52999.0,261600.0,21.0
Hyundai,1239,26208.31762794476,23990.0,91875.76732673268,9.069410815173526
Ineos,3,109191.66666666667,109525.0,,3.0
Infiniti,3,28990.0,24990.0,86256.33333333333,10.333333333333334
International,2,341687.5,341687.5,,3.0
Isuzu,220,51329.34703196347,39990.0,115400.6918918919,7.590909090909091
Iveco,37,156622.7027027027,90640.0,264975.0,3.5945945945945947
Jaguar,51,61018.9,49439.0,83744.02222222222,10.470588235294118
Jeep,320,42758.025,33489.5,96575.00317460317,9.421875
Kia,809,28589.449814126394,25490.0,79436.63488080302,8.26452410383189
LDV,124,36924.64462809917,34498.0,40128.14150943396,5.443548387096774
Lamborghini,2,542440.0,542440.0,36086.0,10.5
Land,237,73699.33755274261,58999.0,101399.81696428571,9.586497890295359
Lexus,183,57032.229508196724,49990.0,77802.45294117647,9.136612021857923
Lotus,3,163990.0,194990.0,,3.0
MG,280,30058.238267148015,28588.0,14758.24521072797,4.396428571428571
Mahindra,12,33030.0,38290.0,37028.22222222222,5.75
Maserati,16,128872.9375,95939.0,45622.28571428572,9.0625
Mazda,1174,30112.451890034365,26990.0,95733.82841823057,9.471039182282794
McLaren,8,443588.5,445500.0,14946.75,5.625
Mercedes-Benz,623,57542.65489566613,43936.0,93580.33333333333,10.667736757624398
Mini,80,37937.3125,34939.0,70653.95588235294,8.75
Mitsubishi,1038,28568.582205029015,26992.5,111479.81207400195,9.792870905587668
Nissan,1033,27757.212621359224,24790.0,122435.67190569744,11.566311713455953
Opel,4,12172.25,12347.5,96980.25,13.5
Packard,1,64990.0,64990.0,12000.0,86.0
Peugeot,59,25354.22033898305,19990.0,81056.32142857143,9.610169491525424
Polestar,1,79900.0,79900.0,,3.0
Porsche,97,137256.44329896907,97500.0,80834.13333333333,9.783505154639176
Proton,1,7990.0,7990.0,39593.0,17.0
Ram,33,111498.84848484848,96986.0,55905.933333333334,5.545454545454546
Renault,176,33055.10227272727,30449.5,63371.40853658537,7.0
Rolls-Royce,1,329990.0,329990.0,45385.0,15.0
Rover,3,33221.333333333336,29888.0,53811.333333333336,31.0
Saab,2,6699.5,6699.5,128047.0,18.5
Skoda,111,38111.7027027027,37990.0,50156.555555555555,6.513513513513513
Smart,1,5985.0,5985.0,88178.0,19.0
Ssangyong,55,39342.62962962963,41837.5,30590.78431372549,5.1454545454545455
Subaru,567,26920.021201413427,26990.0,111541.63992869876,10.72310405643739
Suzuki,304,23746.24414715719,22990.0,67727.8892857143,8.092105263157896
Tata,1,16990.0,16990.0,87179.0,13.0
Tesla,16,85285.4375,73971.5,32276.0625,5.5625
Toyota,2784,38795.99281092739,33959.0,114336.7476225311,10.341594827586206
Volkswagen,887,37419.16252821671,34520.0,80194.07168037603,8.435174746335964
Volvo,127,45975.468253968254,41994.5,84984.77685950413,8.881889763779528
