Feature,ImportanceMean,ImportanceStd
CylinderCount,5063.0073903398925,51.93551814798957
VehicleAge,4031.700847343681,141.10411072798385
ModelYear,3610.228303678623,122.5687511734841
DriveType,3220.2120782959187,56.48805712423088
FuelType,1795.8403690640312,85.94965499077347
MakeName,1726.7264899744828,61.57730247034069
FuelConsumptionLPer100Km,1247.706166795922,17.147994105764692
LogKilometres,1166.4758489104374,69.05371844718275
Kilometres,1021.0939653508664,64.07209814240696
ModelName,1003.689416430068,24.032806635780965
KilometresPerYear,518.665256563648,64.07129582322236
BodyType,492.10322880694673,48.34389671583847
Seats,288.5470772743132,18.76043225851046
Doors,132.17797290737707,12.547841624932005
MissingFeatureCount,123.6675518018441,26.844833287138496
HasMissingVehicleData,100.10048942560896,27.57086960376061
Transmission,70.18409713208021,11.76727329478558
IsDiesel,42.64413981608923,8.96816030314628
HasVehicleSpecMatch,35.28362663064818,5.124842238259967
IsElectric,23.1964230687443,2.715747798174578
IsHybrid,9.246020632081672,3.7535873928862498
