MakeName,ModelName,ListingCount,AveragePrice,MedianPrice,AverageKilometres
Abarth,595,2,37490.0,37490.0,14050.5
Abarth,695,1,44824.0,44824.0,17.0
Alfa,Romeo,14,24295.85714285714,12992.5,107875.28571428571
Aston,Martin,5,284275.8,369000.0,46251.75
Audi,A1,28,25275.964285714286,19990.0,76800.46428571429
Audi,A3,59,30887.84745762712,28990.0,75317.44067796611
Audi,A4,39,35514.61538461538,33990.0,96890.8947368421
Audi,A5,28,47791.607142857145,37494.5,65439.5
Audi,A6,13,42055.153846153844,25990.0,129198.09090909091
Audi,A7,2,99140.0,99140.0,61612.0
Audi,A8,1,33990.0,33990.0,270000.0
Audi,E-Tron,6,240872.33333333334,275339.0,1989.5
Audi,Q2,21,37943.09523809524,35880.0,51469.142857142855
Audi,Q3,50,42627.68,43430.0,58386.32
Audi,Q5,73,50233.97260273973,42800.0,75866.02739726027
Audi,Q7,48,47120.395833333336,38435.0,127178.25
Audi,Q8,5,110857.6,96800.0,59273.666666666664
Audi,R8,2,304600.0,304600.0,20810.0
Audi,RS,12,130534.0,126470.0,27356.75
Audi,RS3,3,62622.666666666664,59990.0,60875.333333333336
Audi,RS4,2,112395.0,112395.0,35137.5
Audi,RS5,1,121950.0,121950.0,12388.0
Audi,RS6,2,139750.0,139750.0,53820.5
Audi,S3,17,45237.117647058825,39990.0,82695.375
Audi,S4,5,57260.8,59888.0,72121.6
Audi,S5,6,68243.33333333333,72445.0,52703.166666666664
Audi,SQ2,2,66355.0,66355.0,11066.0
Audi,SQ5,19,63974.47368421053,59990.0,72972.84210526316
Audi,SQ7,4,121409.5,121935.0,60304.25
Audi,SQ8,1,164889.0,164889.0,47750.0
Audi,TT,9,44842.555555555555,49990.0,110772.0
BMW,1,5,28739.4,20800.0,117620.4
BMW,116I,3,16298.0,16995.0,125232.66666666667
BMW,118D,5,20133.4,18990.0,93421.2
BMW,118I,17,33144.35294117647,31888.0,53768.117647058825
BMW,120D,1,9900.0,9900.0,175000.0
BMW,120I,1,33990.0,33990.0,34452.0
BMW,125I,4,19994.25,18494.5,109161.0
BMW,128TI,2,58440.0,58440.0,10947.5
BMW,135I,2,17109.5,17109.5,169854.5
BMW,2,5,87627.6,83900.0,5195.8
BMW,2002,1,39990.0,39990.0,110306.0
BMW,218D,2,23648.5,23648.5,46314.0
BMW,218I,6,35911.333333333336,24395.0,77076.0
BMW,220D,1,28800.0,28800.0,56877.0
BMW,220I,12,42072.083333333336,32490.0,69739.81818181818
BMW,225I,3,26646.333333333332,26950.0,55979.0
BMW,228I,2,28435.0,28435.0,104737.5
BMW,230I,2,35919.0,35919.0,68360.0
BMW,3,12,23986.0,19490.0,125656.0
BMW,316I,1,17999.0,17999.0,113998.0
BMW,318I,2,6489.0,6489.0,298402.0
BMW,320CI,1,3999.0,3999.0,268205.0
BMW,320D,11,17137.81818181818,14999.0,164850.45454545456
BMW,320I,22,33564.63636363636,21490.0,93553.14285714286
BMW,323I,3,13656.666666666666,13990.0,196133.0
BMW,325I,2,19490.0,19490.0,152340.0
BMW,328I,8,27536.0,25935.0,107189.0
BMW,330CI,1,13990.0,13990.0,237574.0
BMW,330D,1,16999.0,16999.0,134371.0
BMW,330I,13,67393.0,67988.0,28813.916666666668
BMW,335I,2,25970.0,25970.0,164406.5
BMW,340I,1,46990.0,46990.0,72584.0
BMW,4,3,33630.0,32900.0,84561.0
BMW,420D,1,27500.0,27500.0,80000.0
BMW,420I,8,51462.0,42490.0,57379.142857142855
BMW,428I,3,33665.666666666664,35999.0,84451.0
BMW,430I,5,55504.6,45555.0,68897.2
BMW,435I,2,37375.0,37375.0,88653.0
BMW,5,8,71107.875,49494.5,85096.14285714286
BMW,520D,2,31494.5,31494.5,125814.0
BMW,520I,1,107700.0,107700.0,
BMW,525I,1,7499.0,7499.0,264152.0
BMW,530D,1,39500.0,39500.0,147552.0
BMW,530E,1,127400.0,127400.0,
BMW,530I,4,46742.0,29499.0,109460.25
BMW,6,1,48990.0,48990.0,76891.0
BMW,7,2,24994.5,24994.5,91993.5
BMW,730D,1,89800.0,89800.0,28119.0
BMW,740I,7,155286.2857142857,79988.0,45551.0
BMW,740LI,1,21990.0,21990.0,263339.0
BMW,8,1,294900.0,294900.0,
BMW,Alpina,2,130400.0,130400.0,
BMW,I3,1,28888.0,28888.0,88987.0
BMW,I4,1,109990.0,109990.0,9143.0
BMW,I8,1,137880.0,137880.0,87898.0
BMW,IX,4,144166.5,135894.0,9183.333333333334
BMW,M135I,4,40679.0,40439.0,55746.5
BMW,M140I,4,48618.75,48302.5,52386.0
BMW,M2,6,82380.66666666667,83344.0,49268.5
BMW,M235I,4,41712.0,39990.0,101095.0
BMW,M240I,2,50490.0,50490.0,73140.5
BMW,M3,10,113543.2,95919.0,66111.8
BMW,M340I,1,78995.0,78995.0,37130.0
BMW,M4,4,116938.0,106438.0,41045.0
BMW,M440I,1,99900.0,99900.0,15872.0
BMW,M5,6,120804.83333333333,75990.0,82581.33333333333
BMW,M6,1,66990.0,66990.0,76000.0
BMW,M8,2,244945.0,244945.0,28906.5
BMW,X1,37,31833.54054054054,34880.0,93412.97222222222
BMW,X2,9,46894.11111111111,42990.0,42685.625
BMW,X3,77,46166.32467532468,44800.0,92613.33783783784
BMW,X4,19,63454.73684210526,46932.0,64817.22222222222
BMW,X5,58,53989.8275862069,35990.0,132159.10714285713
BMW,X6,9,45379.88888888889,39990.0,105731.77777777778
BMW,X7,4,120913.5,117388.0,48236.0
BMW,Z4,4,49444.25,38895.0,69005.0
BYD,Atto,2,49950.0,49950.0,536.5
BYD,T3,1,34950.0,34950.0,
Bentley,Arnage,1,159990.0,159990.0,4800.0
Bentley,Continental,8,305854.75,316295.0,56655.4
Bentley,Flying,1,268888.0,268888.0,39987.0
Bentley,Mulsanne,2,301795.0,301795.0,93182.0
Caterham,Seven,2,103941.0,103941.0,
Chery,J11,1,7999.0,7999.0,157000.0
Chery,J3,1,5990.0,5990.0,59167.0
Chery,Omoda5,8,35215.0,35940.0,969.3333333333334
Chevrolet,Corvette,5,179541.4,198880.0,58115.8
Chevrolet,Silverado,8,131717.0,129439.0,32365.0
Chrysler,300,15,45615.73333333333,42877.0,117010.73333333334
Chrysler,300C,4,23046.25,23493.5,103374.75
Chrysler,Grand,3,9999.0,8999.0,136733.0
Chrysler,PT,1,7985.0,7985.0,173158.0
Chrysler,Sebring,3,4548.0,3750.0,124979.33333333333
Citroen,Berlingo,5,19790.8,22990.0,116258.2
Citroen,C3,2,13494.5,13494.5,102887.5
Citroen,C4,1,17880.0,17880.0,83656.0
Citroen,C5,3,44853.333333333336,54990.0,43820.0
Citroen,DS3,2,9383.5,9383.5,94960.0
Citroen,DS4,1,10990.0,10990.0,114592.0
Citroen,Grand,1,19990.0,19990.0,101686.0
Cupra,Ateca,3,63503.333333333336,61880.0,2226.0
Cupra,Born,1,67990.0,67990.0,1000.0
Cupra,Formentor,3,66323.33333333333,67990.0,4189.0
Cupra,Leon,1,63990.0,63990.0,1000.0
Daewoo,Lanos,1,900.0,900.0,310000.0
Daihatsu,Hijet,10,27523.9,27443.5,15510.111111111111
Daihatsu,Midget,1,22888.0,22888.0,23745.0
Datsun,Stanza,1,29888.0,29888.0,99999.0
Dodge,Journey,9,13262.555555555555,12995.0,128047.55555555556
Dodge,Nitro,3,12320.0,12990.0,195996.66666666666
Dodge,Viper,1,179990.0,179990.0,28765.0
FPV,F6,1,59950.0,59950.0,157266.0
FPV,GS,1,38990.0,38990.0,134831.0
FPV,GT,1,57957.0,57957.0,134003.0
FPV,Pursuit,2,52470.0,52470.0,170511.0
Ferrari,250,1,1500000.0,1500000.0,9902.0
Ferrari,360,1,219880.0,219880.0,47381.0
Ferrari,612,1,259880.0,259880.0,49233.0
Ferrari,812,1,610000.0,610000.0,
Ferrari,California,2,279990.0,279990.0,46660.0
Ferrari,F430,1,329900.0,329900.0,14788.0
Ferrari,GTC4,1,579888.0,579888.0,11480.0
Fiat,500,17,16110.411764705883,13800.0,61862.294117647056
Fiat,500X,1,17999.0,17999.0,31760.0
Fiat,Doblo,2,16494.5,16494.5,107825.0
Fiat,Ducato,5,50343.2,36888.0,139177.0
Fiat,Freemont,7,14689.142857142857,14888.0,137708.2857142857
Fiat,Panda,1,8990.0,8990.0,75631.0
Fiat,Punto,1,8990.0,8990.0,188475.0
Fiat,Scudo,2,17494.5,17494.5,128714.0
Ford,Courier,4,7574.0,8399.0,306027.25
Ford,Ecosport,11,14876.272727272728,13999.0,94448.63636363637
Ford,Endura,15,35899.0,36950.0,59173.6
Ford,Escape,40,30754.025,29945.0,68403.625
Ford,Everest,81,52421.69135802469,49990.0,84299.83950617284
Ford,F,7,161562.7142857143,149990.0,49783.28571428572
Ford,F250,1,79900.0,79900.0,179999.0
Ford,F450,1,75900.0,75900.0,95999.0
Ford,FPV,1,41499.0,41499.0,136150.0
Ford,Fairlane,2,9994.5,9994.5,233777.0
Ford,Fairmont,1,7995.0,7995.0,432939.0
Ford,Falcon,106,18371.056603773584,13999.0,185074.05660377358
Ford,Festiva,1,2500.0,2500.0,213177.0
Ford,Fiesta,44,10796.477272727272,9970.0,127463.70454545454
Ford,Focus,86,18472.279069767443,14999.0,111551.30232558139
Ford,GT40,1,159990.0,159990.0,73500.0
Ford,Kuga,18,17143.833333333332,16970.0,137439.66666666666
Ford,Laser,1,4990.0,4990.0,207233.0
Ford,Maverick,1,12900.0,12900.0,382463.0
Ford,Mondeo,27,16795.11111111111,16990.0,128656.0
Ford,Mustang,53,64007.43396226415,59990.0,41322.88679245283
Ford,Puma,25,31310.44,30800.0,20267.0
Ford,Ranger,398,40025.56030150754,36970.0,138150.9669211196
Ford,Territory,106,14516.443396226416,14170.0,186770.04716981133
Ford,Transit,24,41924.916666666664,40970.0,132237.65217391305
Foton,Aumark,1,50990.0,50990.0,
Foton,Tunland,3,17996.0,15990.0,81186.33333333333
GWM,Haval,113,37450.01818181818,37485.0,1925.1743119266055
GWM,ORA,2,44770.0,44770.0,96.0
GWM,Steed,3,18656.666666666668,18990.0,49905.0
GWM,Tank,11,52225.818181818184,51585.0,184.36363636363637
GWM,UTE,59,45304.73684210526,44085.0,4398.571428571428
GWM,V240,1,7750.0,7750.0,102239.0
GWM,X200,1,8990.0,8990.0,205000.0
Geely,MK,1,6450.0,6450.0,19063.0
Genesis,G70,3,84382.0,78191.0,3751.0
Genesis,G80,3,91783.33333333333,100200.0,44358.0
Genesis,GV60,1,107700.0,107700.0,
Genesis,GV70,3,81829.33333333333,82888.0,19945.0
Genesis,GV80,4,123247.0,124200.0,31328.0
Great,Wall,16,13059.6875,12492.5,109789.4375
HSV,Avalanche,1,31995.0,31995.0,262037.0
HSV,Clubsport,22,59557.0,50739.0,112243.45454545454
HSV,Colorado,2,56490.0,56490.0,68438.5
HSV,Coupe,2,95490.0,95490.0,50465.5
HSV,GTS,5,96527.0,89990.0,88438.8
HSV,Grange,1,89980.0,89980.0,63510.0
HSV,Gtsr,4,182167.0,184939.0,38161.0
HSV,Maloo,3,53328.0,49999.0,148742.33333333334
HSV,Senator,4,67192.0,63939.0,109127.0
Haval,H2,4,23240.0,23990.0,65756.0
Haval,H6,3,36255.0,41485.0,23468.333333333332
Haval,H8,1,22733.0,22733.0,34500.0
Haval,H9,7,35265.57142857143,35990.0,66161.57142857143
Haval,Jolion,7,35046.142857142855,36990.0,26.0
Hino,300,9,71939.33333333333,72350.0,
Hino,500,15,139720.53333333333,125919.0,
Hino,700,2,226963.0,226963.0,
Holden,Acadia,14,35520.57142857143,34990.0,75679.42857142857
Holden,Adventra,4,9242.25,8499.5,244773.5
Holden,Astra,48,14606.791666666666,17889.0,104729.91666666667
Holden,Barina,58,10528.086206896553,10456.0,119117.44827586207
Holden,Berlina,2,11249.0,11249.0,154303.5
Holden,Calais,54,27387.01851851852,25494.5,124693.81481481482
Holden,Caprice,11,22496.272727272728,19870.0,170273.0
Holden,Captiva,138,13947.884057971014,12990.0,136973.21739130435
Holden,Cascada,4,20321.25,19670.0,82948.5
Holden,Colorado,195,30169.384615384617,28999.0,148045.1846153846
Holden,Combo,2,10244.5,10244.5,120988.5
Holden,Commodore,283,22201.204946996466,19980.0,161348.28621908126
Holden,Crewman,8,12743.875,11997.0,247450.125
Holden,Cruze,105,10367.0,9995.0,137529.25714285715
Holden,Epica,2,6943.5,6943.5,179500.0
Holden,Equinox,15,24475.466666666667,24990.0,91911.26666666666
Holden,HDT,1,148880.0,148880.0,204733.0
Holden,Jackaroo,1,10990.0,10990.0,187400.0
Holden,Malibu,4,12744.5,12494.5,134612.0
Holden,Monaro,4,47742.25,44494.5,144262.25
Holden,Rodeo,24,10106.916666666666,9990.0,299305.4583333333
Holden,Spark,1,13990.0,13990.0,97489.0
Holden,Statesman,6,13326.0,13990.0,184024.0
Holden,Trailblazer,28,34743.07142857143,32939.0,108628.25
Holden,Trax,44,17233.204545454544,16990.0,98942.52272727272
Holden,UTE,29,37968.34482758621,35990.0,113574.62068965517
Holden,Vectra,1,5990.0,5990.0,120333.0
Holden,Viva,1,7995.0,7995.0,104335.0
Honda,Accord,36,16965.444444444445,12990.0,159793.6
Honda,CR-V,111,29019.234234234234,29988.0,91473.55454545455
Honda,CR-Z,2,16220.0,16220.0,153011.0
Honda,City,6,15319.666666666666,15494.5,119926.5
Honda,Civic,80,26212.925,24994.5,91359.8375
Honda,Fit,16,20649.0625,19775.0,68480.6875
Honda,HR-V,41,26805.09756097561,25995.0,63505.560975609755
Honda,Integra,2,26939.5,26939.5,219453.5
Honda,Jazz,35,14301.342857142858,13990.0,104469.25714285714
Honda,Odyssey,28,25796.39285714286,22448.5,139701.07142857142
Honda,Other,1,24995.0,24995.0,79997.0
Honda,Vezel,6,31104.166666666668,32474.5,65701.66666666667
Honda,ZR-V,1,48500.0,48500.0,
Hummer,H2,1,52999.0,52999.0,261600.0
Hyundai,Accent,61,14386.016393442624,13999.0,114227.67213114754
Hyundai,Elantra,41,16288.780487804877,16990.0,109716.85365853658
Hyundai,Genesis,3,23815.333333333332,24690.0,146410.33333333334
Hyundai,Getz,18,7399.777777777777,6990.0,175536.16666666666
Hyundai,I20,28,17634.0,12990.0,94820.67857142857
Hyundai,I30,366,24219.14285714286,23770.0,72207.95303867404
Hyundai,I40,13,16869.30769230769,16490.0,143021.23076923078
Hyundai,I45,8,12214.375,12494.5,186584.5
Hyundai,IX35,59,15622.22033898305,15990.0,141355.5254237288
Hyundai,Iload,60,25999.916666666668,25706.5,158350.28813559323
Hyundai,Imax,23,23625.130434782608,22990.0,163789.4347826087
Hyundai,Ioniq,4,51236.75,42483.5,25136.75
Hyundai,Kona,109,31291.4128440367,27580.0,51099.15094339623
Hyundai,Palisade,15,74756.21428571429,74210.5,13128.07142857143
Hyundai,Santa,129,34629.589147286824,30990.0,105682.09302325582
Hyundai,Sonata,29,27234.793103448275,21950.0,86060.41379310345
Hyundai,Staria,4,56690.0,55944.0,46004.5
Hyundai,Terracan,5,7756.0,7500.0,280560.0
Hyundai,Trajet,1,6990.0,6990.0,260718.0
Hyundai,Trucks,8,63655.5,62364.5,
Hyundai,Tucson,198,30559.00518134715,27990.0,75502.52083333333
Hyundai,Veloster,37,19159.324324324323,18990.0,113895.51351351352
Hyundai,Venue,20,27645.45,26991.0,22029.0
Ineos,Grenadier,3,109191.66666666667,109525.0,
Infiniti,Q50,2,23490.0,23490.0,98053.0
Infiniti,Q60,1,39990.0,39990.0,62663.0
International,Prostar,2,341687.5,341687.5,
Isuzu,D-MAX,132,38006.03816793893,35990.0,127306.20634920635
Isuzu,FRD,1,120641.0,120641.0,
Isuzu,FRR,5,118517.0,118387.0,
Isuzu,FSR,3,154542.0,140605.0,
Isuzu,FTS,1,210992.0,210992.0,
Isuzu,FVD,2,209383.0,209383.0,
Isuzu,FVL,1,195100.0,195100.0,
Isuzu,FYJ,1,240754.0,240754.0,
Isuzu,FYX,1,293131.0,293131.0,
Isuzu,MU-X,59,45696.69491525424,41990.0,89975.35593220338
Isuzu,NLR,3,63423.333333333336,60846.0,
Isuzu,NLS,2,70504.5,70504.5,
Isuzu,NMR,2,73217.5,73217.5,
Isuzu,NNR,3,66941.33333333333,66325.0,
Isuzu,NPR,2,80363.0,80363.0,
Isuzu,NQR,2,95686.0,95686.0,
Iveco,Daily,20,72207.3,77395.5,264975.0
Iveco,Eurocargo,5,151173.2,152028.0,
Iveco,Stralis,12,299585.6666666667,316265.5,
Jaguar,E-Pace,9,53469.875,50888.0,47694.57142857143
Jaguar,F-Pace,13,67020.23076923077,53990.0,72504.16666666667
Jaguar,F-Type,5,115674.0,99990.0,23643.5
Jaguar,I-Pace,2,164395.0,164395.0,10.0
Jaguar,X,3,13956.0,14990.0,113759.66666666667
Jaguar,XE,7,47768.42857142857,36990.0,66521.83333333333
Jaguar,XF,7,29078.285714285714,29800.0,113792.28571428571
Jaguar,XJ,1,48990.0,48990.0,101462.0
Jaguar,XJ8,2,19999.0,19999.0,320500.0
Jaguar,XKR,1,105990.0,105990.0,53620.0
Jaguar,Xjsc,1,69990.0,69990.0,136947.0
Jeep,Cherokee,20,24943.85,22170.0,105786.15
Jeep,Commander,3,11659.666666666666,9985.0,230794.66666666666
Jeep,Compass,39,35189.41025641026,42450.0,50069.84210526316
Jeep,Gladiator,14,80902.5,80939.0,11388.923076923076
Jeep,Grand,156,40682.769230769234,29994.5,121804.27272727272
Jeep,Patriot,11,14210.636363636364,13990.0,124181.36363636363
Jeep,Renegade,4,20655.0,19840.0,67542.75
Jeep,Wrangler,73,55592.34246575343,50990.0,71781.73611111111
Kia,Carnival,105,38186.752380952385,38490.0,85938.14423076923
Kia,Cerato,233,23768.982832618025,23977.0,65719.51293103448
Kia,EV6,4,91555.25,89294.0,1799.0
Kia,Grand,17,12680.235294117647,10999.0,171939.0588235294
Kia,K2700,1,7999.0,7999.0,378604.0
Kia,Niro,6,50699.666666666664,46490.0,16603.4
Kia,Optima,10,17871.9,16490.0,138106.5
Kia,Picanto,44,19422.93023255814,19880.0,39729.25
Kia,RIO,66,15970.287878787878,15918.0,95737.61538461539
Kia,Rondo,5,15834.8,17351.0,155368.0
Kia,Seltos,15,39749.642857142855,37990.0,23164.214285714286
Kia,Sorento,85,34576.16470588235,33288.0,104648.01204819277
Kia,Soul,2,18489.0,18489.0,70654.5
Kia,Spectra,1,7999.0,7999.0,120792.0
Kia,Sportage,152,27331.99342105263,26990.0,89995.01315789473
Kia,Stinger,40,54424.95,54900.0,52367.92307692308
Kia,Stonic,23,26560.739130434784,25990.0,28063.954545454544
LDV,D90,21,38388.9,37290.0,25013.42105263158
LDV,Deliver,9,50061.22222222222,47990.0,6085.75
LDV,Edeliver,1,118836.0,118836.0,
LDV,G10,31,28952.2,29990.0,48765.41379310345
LDV,Mifa,4,77240.0,68490.0,462.0
LDV,T60,49,35009.8125,34244.0,33140.444444444445
LDV,V80,9,30302.222222222223,29999.0,106000.75
Lamborghini,Aventador,1,649880.0,649880.0,27843.0
Lamborghini,Urus,1,435000.0,435000.0,44329.0
Land,Rover,237,73699.33755274261,58999.0,101399.81696428571
Lexus,CT,3,41626.666666666664,43990.0,67084.66666666667
Lexus,CT200H,5,27140.4,28990.0,107800.4
Lexus,ES250,9,62095.555555555555,61900.0,13712.0
Lexus,ES300,1,7888.0,7888.0,149123.0
Lexus,ES300H,9,61940.0,67800.0,46077.0
Lexus,ES350,1,52900.0,52900.0,46586.0
Lexus,GS,1,7990.0,7990.0,260499.0
Lexus,GS250,1,35880.0,35880.0,68429.0
Lexus,GS350,1,46990.0,46990.0,86655.0
Lexus,GS450H,1,44900.0,44900.0,102931.0
Lexus,HS,2,25950.0,25950.0,56733.5
Lexus,IS200T,5,36738.6,35990.0,62295.4
Lexus,IS250,6,19144.166666666668,21494.5,165751.83333333334
Lexus,IS250C,1,22999.0,22999.0,100500.0
Lexus,IS300,2,41745.0,41745.0,71583.0
Lexus,IS300H,6,42758.666666666664,39494.5,70211.5
Lexus,IS350,8,52049.25,48470.0,73228.0
Lexus,LC500,1,129900.0,129900.0,66398.0
Lexus,LS460,1,39888.0,39888.0,130985.0
Lexus,LS500,1,212320.0,212320.0,
Lexus,LS500H,1,201040.0,201040.0,
Lexus,LX450D,2,116990.0,116990.0,64875.0
Lexus,LX470,1,24999.0,24999.0,240000.0
Lexus,LX500D,3,187027.0,192990.0,314.5
Lexus,LX570,3,118259.33333333333,119888.0,68182.33333333333
Lexus,LX600,1,199987.0,199987.0,14128.0
Lexus,NX,5,52851.6,52990.0,54371.4
Lexus,NX200T,7,33906.857142857145,29998.0,110895.14285714286
Lexus,NX250,1,69990.0,69990.0,4264.0
Lexus,NX300,11,51842.545454545456,49990.0,55236.63636363636
Lexus,NX300H,5,55528.0,56880.0,60031.8
Lexus,NX350,4,83794.75,82999.0,12579.333333333334
Lexus,NX350H,4,80888.25,79600.0,16008.0
Lexus,Other,1,30950.0,30950.0,81000.0
Lexus,RC,2,74996.0,74996.0,69613.5
Lexus,RC200T,1,44900.0,44900.0,65548.0
Lexus,RC350,5,56955.6,53990.0,49562.2
Lexus,RX,6,34301.666666666664,31945.0,148532.0
Lexus,RX270,3,26657.333333333332,26987.0,125548.66666666667
Lexus,RX300,4,53916.5,51439.0,52861.25
Lexus,RX330,3,13866.0,13799.0,212696.33333333334
Lexus,RX350,16,52046.0,58240.0,98399.64285714286
Lexus,RX350L,3,74029.33333333333,69388.0,64268.333333333336
Lexus,RX450H,13,61359.53846153846,63888.0,92542.38461538461
Lexus,RX450HL,2,84340.0,84340.0,65062.0
Lexus,RX500H,1,148888.0,148888.0,22.0
Lexus,SC430,1,51990.0,51990.0,44329.0
Lexus,UX,1,39990.0,39990.0,64500.0
Lexus,UX200,8,47704.25,46992.5,29396.14285714286
Lotus,Elise,1,97990.0,97990.0,
Lotus,Evora,2,196990.0,196990.0,
MG,3,1,12990.0,12990.0,23900.0
MG,6,3,16138.333333333334,15990.0,51995.666666666664
MG,F,1,14990.0,14990.0,79070.0
MG,HS,114,33941.72321428572,31890.0,16484.660550458717
MG,MG3,51,18828.313725490196,18999.0,12590.265306122448
MG,MG6,1,19990.0,19990.0,70499.0
MG,ZS,49,34220.61224489796,31960.0,19021.613636363636
MG,ZST,60,30359.661016949154,29690.0,5127.245283018868
Mahindra,PIK-UP,7,34867.142857142855,38290.0,21793.25
Mahindra,Scorpio-N,2,51990.0,51990.0,22.0
Mahindra,XUV500,2,13490.0,13490.0,122977.0
Mahindra,XUV700,1,40290.0,40290.0,83.0
Maserati,Ghibli,5,75254.0,78990.0,46688.4
Maserati,Grancabrio,2,144990.0,144990.0,47837.5
Maserati,Granturismo,5,166993.8,144990.0,44176.5
Maserati,Levante,3,163622.66666666666,99888.0,29653.0
Maserati,Quattroporte,1,69880.0,69880.0,73583.0
Mazda,121,1,5990.0,5990.0,201000.0
Mazda,2,78,16390.948051948053,15980.0,90689.11688311688
Mazda,3,227,19798.473451327434,18915.0,111828.00884955752
Mazda,323,2,3925.0,3925.0,188057.0
Mazda,6,90,21942.98888888889,20498.5,121507.375
Mazda,Axela,1,19888.0,19888.0,104000.0
Mazda,B2500,1,8990.0,8990.0,251741.0
Mazda,B4000,1,14499.0,14499.0,205829.0
Mazda,BT-50,197,37950.28350515464,34990.0,126923.55801104972
Mazda,CX-3,80,26973.475,25655.0,61081.0641025641
Mazda,CX-30,45,39791.02222222222,40888.0,14985.75
Mazda,CX-5,221,33482.318181818184,33934.0,70276.59907834101
Mazda,CX-60,3,77000.0,77000.0,15.0
Mazda,CX-7,26,11491.538461538461,11334.0,184119.07692307694
Mazda,CX-8,39,54488.53846153846,53950.0,28228.484848484848
Mazda,CX-9,124,42069.11382113821,39990.0,82425.64102564103
Mazda,CX-90,1,100365.0,100365.0,
Mazda,CX30,2,43294.0,43294.0,12.0
Mazda,E2000,2,10494.5,10494.5,276575.0
Mazda,MPV,4,7486.75,7499.0,183116.75
Mazda,MX-30,3,32976.666666666664,34990.0,24317.333333333332
Mazda,MX-5,13,30213.384615384617,34888.0,97750.5
Mazda,Mazda2,2,25890.0,25890.0,
Mazda,Mazda3,4,33307.5,33195.0,
Mazda,RX-8,1,16995.0,16995.0,105536.0
Mazda,SP23,1,5995.0,5995.0,225136.0
Mazda,Tribute,5,7135.6,6799.0,245396.0
McLaren,540C,1,299900.0,299900.0,17321.0
McLaren,570S,2,341944.0,341944.0,41212.0
McLaren,600LT,1,496000.0,496000.0,
McLaren,650S,1,369880.0,369880.0,1116.0
McLaren,720S,3,566346.6666666666,524580.0,138.0
Mercedes-Benz,190,2,20990.0,20990.0,121618.5
Mercedes-Benz,420,1,24990.0,24990.0,170744.0
Mercedes-Benz,560,1,59999.0,59999.0,198000.0
Mercedes-Benz,A-CLASS,3,40656.666666666664,43990.0,68107.33333333333
Mercedes-Benz,A170,1,6999.0,6999.0,148556.0
Mercedes-Benz,A180,11,46708.90909090909,46550.0,35201.818181818184
Mercedes-Benz,A190,1,6990.0,6990.0,104431.0
Mercedes-Benz,A200,19,38866.52631578947,44950.0,56960.21052631579
Mercedes-Benz,A250,15,41489.8,38999.0,65498.0
Mercedes-Benz,A35,1,62800.0,62800.0,35820.0
Mercedes-Benz,A45,9,53060.22222222222,41990.0,75255.77777777778
Mercedes-Benz,AMG,3,297882.6666666667,289880.0,20663.666666666668
Mercedes-Benz,B-Class,4,22059.25,21120.0,65063.5
Mercedes-Benz,B180,3,12326.333333333334,9999.0,127261.33333333333
Mercedes-Benz,B200,7,19120.571428571428,22999.0,81205.85714285714
Mercedes-Benz,B250,2,18490.0,18490.0,146705.0
Mercedes-Benz,C-CLASS,12,31016.833333333332,21970.0,119260.66666666667
Mercedes-Benz,C180,5,15374.0,16990.0,150918.4
Mercedes-Benz,C200,50,34052.62,34395.0,95000.46
Mercedes-Benz,C220,4,27966.75,25443.5,122992.5
Mercedes-Benz,C230,1,13999.0,13999.0,79585.0
Mercedes-Benz,C250,30,32432.066666666666,32395.0,101370.3
Mercedes-Benz,C300,23,57342.913043478264,52800.0,52288.454545454544
Mercedes-Benz,C320,1,13999.0,13999.0,130537.0
Mercedes-Benz,C350,1,40690.0,40690.0,85305.0
Mercedes-Benz,C43,9,80226.88888888889,85880.0,48079.77777777778
Mercedes-Benz,C63,20,118735.6,108939.0,59236.95
Mercedes-Benz,CLA,6,70183.33333333333,68900.0,26438.0
Mercedes-Benz,CLA200,7,34649.28571428572,33990.0,79900.28571428571
Mercedes-Benz,CLA250,10,40831.0,39990.0,74067.1
Mercedes-Benz,CLA35,1,89970.0,89970.0,4832.0
Mercedes-Benz,CLA45,12,66421.0,58470.0,78906.58333333333
Mercedes-Benz,CLC200,6,14557.833333333334,14939.0,108530.0
Mercedes-Benz,CLK-Class,1,9999.0,9999.0,180499.0
Mercedes-Benz,CLK280,1,18999.0,18999.0,134200.0
Mercedes-Benz,CLK320,4,12819.75,12244.5,155168.5
Mercedes-Benz,CLK500,1,24990.0,24990.0,156223.0
Mercedes-Benz,CLK63,1,49990.0,49990.0,139012.0
Mercedes-Benz,CLS250,4,47522.0,48395.0,72618.25
Mercedes-Benz,CLS350,2,20990.0,20990.0,106106.0
Mercedes-Benz,CLS500,2,30450.0,30450.0,188917.0
Mercedes-Benz,CLS53,2,127344.0,127344.0,22672.0
Mercedes-Benz,E-CLASS,2,55490.0,55490.0,61756.0
Mercedes-Benz,E200,10,61050.0,49395.0,71291.25
Mercedes-Benz,E220,2,51145.0,51145.0,92922.5
Mercedes-Benz,E240,1,5999.0,5999.0,207619.0
Mercedes-Benz,E250,15,26797.333333333332,24990.0,115791.2
Mercedes-Benz,E300,4,74567.0,72800.0,41979.25
Mercedes-Benz,E350,9,49211.0,27950.0,107545.55555555556
Mercedes-Benz,E400,6,57816.666666666664,52490.0,79034.66666666667
Mercedes-Benz,E500,3,25990.0,32990.0,139704.33333333334
Mercedes-Benz,E53,1,104888.0,104888.0,43769.0
Mercedes-Benz,E55,2,38970.0,38970.0,175198.0
Mercedes-Benz,E63,1,252888.0,252888.0,12458.0
Mercedes-Benz,EQA,1,85800.0,85800.0,4730.0
Mercedes-Benz,EQB,1,109800.0,109800.0,2002.0
Mercedes-Benz,EQC,1,114800.0,114800.0,2118.0
Mercedes-Benz,EQS53,1,268800.0,268800.0,6753.0
Mercedes-Benz,G-Class,1,309888.0,309888.0,48371.0
Mercedes-Benz,G350,1,99900.0,99900.0,81000.0
Mercedes-Benz,G63,3,429609.3333333333,478888.0,16935.333333333332
Mercedes-Benz,GL-Class,1,28900.0,28900.0,160159.0
Mercedes-Benz,GL320,1,14988.0,14988.0,227444.0
Mercedes-Benz,GL500,1,32900.0,32900.0,107169.0
Mercedes-Benz,GL63,2,66490.0,66490.0,117330.0
Mercedes-Benz,GLA,4,73067.0,73645.0,28190.333333333332
Mercedes-Benz,GLA180,6,36249.166666666664,34914.5,51035.833333333336
Mercedes-Benz,GLA200,3,28050.0,28500.0,89786.66666666667
Mercedes-Benz,GLA220,2,33985.0,33985.0,71958.0
Mercedes-Benz,GLA250,12,35003.833333333336,33970.0,87566.5
Mercedes-Benz,GLA35,3,81860.0,82880.0,9363.0
Mercedes-Benz,GLA45,6,70672.5,55950.0,51242.6
Mercedes-Benz,GLC,16,80965.4375,76850.0,22171.6875
Mercedes-Benz,GLC200,6,56678.333333333336,56895.0,51518.333333333336
Mercedes-Benz,GLC220,1,50990.0,50990.0,122210.0
Mercedes-Benz,GLC250,14,47139.57142857143,49640.5,103608.85714285714
Mercedes-Benz,GLC300,3,67919.33333333333,68888.0,52901.0
Mercedes-Benz,GLC350,1,64880.0,64880.0,42572.0
Mercedes-Benz,GLC43,5,77808.0,72800.0,63692.4
Mercedes-Benz,GLC63,6,140909.16666666666,137395.0,49447.0
Mercedes-Benz,GLE,6,138898.16666666666,140595.0,15204.666666666666
Mercedes-Benz,GLE250,2,40934.0,40934.0,128719.5
Mercedes-Benz,GLE300,1,98800.0,98800.0,76186.0
Mercedes-Benz,GLE350,6,56659.666666666664,55689.0,91049.83333333333
Mercedes-Benz,GLE400,2,79970.0,79970.0,92605.0
Mercedes-Benz,GLE43,1,73990.0,73990.0,76499.0
Mercedes-Benz,GLE450,2,94990.0,94990.0,82567.0
Mercedes-Benz,GLE53,1,192300.0,192300.0,
Mercedes-Benz,GLE63,4,154667.25,137399.5,53196.5
Mercedes-Benz,GLS,1,194800.0,194800.0,10711.0
Mercedes-Benz,GLS350,3,75530.0,74990.0,107846.33333333333
Mercedes-Benz,GLS500,2,83395.0,83395.0,79867.0
Mercedes-Benz,Glb,4,60147.5,67900.0,38710.666666666664
Mercedes-Benz,M-Class,4,26969.0,26499.0,162109.75
Mercedes-Benz,MB100,2,5947.0,5947.0,255577.0
Mercedes-Benz,ML250,5,25128.6,24950.0,156280.6
Mercedes-Benz,ML300,1,21999.0,21999.0,130639.0
Mercedes-Benz,ML320,4,10992.0,10494.0,264031.75
Mercedes-Benz,ML350,11,21414.636363636364,22945.0,151349.72727272726
Mercedes-Benz,ML400,1,41950.0,41950.0,78062.0
Mercedes-Benz,ML500,2,15997.0,15997.0,185307.5
Mercedes-Benz,ML63,4,59715.0,59995.0,107645.0
Mercedes-Benz,Marco,1,93990.0,93990.0,20156.0
Mercedes-Benz,Maybach,2,352194.0,352194.0,8880.0
Mercedes-Benz,R-Class,1,11990.0,11990.0,239221.0
Mercedes-Benz,R300,1,17990.0,17990.0,123978.0
Mercedes-Benz,R320,1,14999.0,14999.0,166711.0
Mercedes-Benz,S-Class,8,98438.625,93884.0,69158.875
Mercedes-Benz,S350,2,60899.5,60899.5,71102.5
Mercedes-Benz,S430,1,7999.0,7999.0,286200.0
Mercedes-Benz,S450,6,157032.83333333334,128904.5,20450.5
Mercedes-Benz,S450L,1,229800.0,229800.0,6238.0
Mercedes-Benz,S63,1,165900.0,165900.0,36349.0
Mercedes-Benz,S65,1,89950.0,89950.0,76050.0
Mercedes-Benz,SL350,1,27980.0,27980.0,146785.0
Mercedes-Benz,SL500,1,47950.0,47950.0,78774.0
Mercedes-Benz,SL55,1,69950.0,69950.0,113567.0
Mercedes-Benz,SLC,1,69990.0,69990.0,13720.0
Mercedes-Benz,SLK350,1,25990.0,25990.0,102269.0
Mercedes-Benz,Sprinter,33,46434.818181818184,38950.0,233889.96153846153
Mercedes-Benz,V,1,151898.0,151898.0,20.0
Mercedes-Benz,V250,4,64682.5,59970.0,111563.75
Mercedes-Benz,Valente,2,38994.0,38994.0,98322.5
Mercedes-Benz,Viano,1,21990.0,21990.0,228550.0
Mercedes-Benz,Vito,18,26671.38888888889,23990.0,165227.33333333334
Mercedes-Benz,X250,4,47629.25,48295.0,57270.0
Mercedes-Benz,X350,3,55956.0,49990.0,125436.33333333333
Mini,3D,11,53184.27272727273,54280.0,12069.545454545454
Mini,5D,4,44834.5,45000.0,33574.0
Mini,Cabrio,1,31990.0,31990.0,72134.0
Mini,Clubman,9,39516.444444444445,34990.0,86986.28571428571
Mini,Convertible,6,55598.0,58314.5,18996.0
Mini,Cooper,26,25728.23076923077,25690.0,91085.23076923077
Mini,Cooper_Countryman,1,24990.0,24990.0,111664.0
Mini,Countryman,19,40710.52631578947,38790.0,75787.0
Mini,Coupe,1,22990.0,22990.0,123022.0
Mini,Paceman,1,31990.0,31990.0,87861.0
Mini,Roadster,1,26990.0,26990.0,72536.0
Mitsubishi,380,3,5744.666666666667,6284.0,211879.33333333334
Mitsubishi,ASX,165,24241.62424242424,24999.0,80233.48780487805
Mitsubishi,Airtrek,1,18888.0,18888.0,115262.0
Mitsubishi,Challenger,11,19521.18181818182,18980.0,208228.0
Mitsubishi,Colt,1,7750.0,7750.0,107913.0
Mitsubishi,Delica,19,22907.36842105263,21950.0,127716.84210526316
Mitsubishi,Eclipse,51,33182.901960784315,29980.0,51018.791666666664
Mitsubishi,Express,8,28058.875,26494.5,94927.0
Mitsubishi,Fuso,1,67990.0,67990.0,44989.0
Mitsubishi,Lancer,94,15771.18085106383,12991.0,141251.17021276595
Mitsubishi,Magna,2,6474.0,6474.0,184814.5
Mitsubishi,Mirage,13,12827.615384615385,12990.0,93829.92307692308
Mitsubishi,Outlander,229,28542.780701754386,28938.5,88833.38325991189
Mitsubishi,Pajero,135,35934.985185185185,36999.0,143887.3925925926
Mitsubishi,Triton,304,32661.950166112958,31987.0,126732.8762541806
Mitsubishi,Verada,1,8990.0,8990.0,152093.0
Nissan,180,1,24999.0,24999.0,57378.0
Nissan,300ZX,1,39980.0,39980.0,171146.0
Nissan,350Z,1,22990.0,22990.0,98615.0
Nissan,370Z,7,47062.71428571428,42990.0,40110.71428571428
Nissan,Almera,1,12990.0,12990.0,144683.0
Nissan,Altima,3,15614.666666666666,14880.0,150139.0
Nissan,Atlas,1,28000.0,28000.0,102000.0
Nissan,Caravan,9,25240.11111111111,23888.0,190174.77777777778
Nissan,Cube,6,17539.333333333332,17894.0,54739.5
Nissan,Dualis,37,11741.378378378378,11888.0,175844.7837837838
Nissan,E20,1,13500.0,13500.0,82139.0
Nissan,Elgrand,49,20262.530612244896,19000.0,92824.57142857143
Nissan,GT-R,4,146392.75,113897.5,32385.75
Nissan,Juke,25,25286.92,26999.0,61514.833333333336
Nissan,Leaf,23,39415.086956521736,37950.0,31548.14285714286
Nissan,Maxima,11,10224.09090909091,9800.0,162137.27272727274
Nissan,Micra,15,9839.8,9987.0,118797.53333333334
Nissan,Murano,7,12248.857142857143,10999.0,197697.0
Nissan,NV350,1,29995.0,29995.0,124000.0
Nissan,Navara,247,28837.947368421053,25990.0,160200.325
Nissan,Note,6,26612.333333333332,26999.0,59844.5
Nissan,Pathfinder,74,31291.328767123287,26920.0,119627.61643835617
Nissan,Patrol,67,39526.20895522388,28999.0,215331.44776119402
Nissan,Pulsar,34,11950.764705882353,12909.5,144536.0
Nissan,Qashqai,102,29837.72277227723,27490.0,64034.83
Nissan,Serena,12,22443.166666666668,22947.5,111469.75
Nissan,Silvia,1,68888.0,68888.0,93863.0
Nissan,Skyline,11,58328.5,47943.5,83012.90909090909
Nissan,Stagea,1,22880.0,22880.0,145638.0
Nissan,Tiida,9,8595.888888888889,8990.0,163536.66666666666
Nissan,X-Trail,263,26200.756653992394,26880.0,97923.51340996168
Nissan,Z,3,87922.0,85990.0,3635.3333333333335
Opel,Astra,3,11898.0,11700.0,104857.0
Opel,Corsa,1,12995.0,12995.0,73350.0
Packard,120,1,64990.0,64990.0,12000.0
Peugeot,2008,6,24890.666666666668,24240.0,67799.6
Peugeot,207,4,9095.5,7444.0,106537.0
Peugeot,208,3,14876.666666666666,14990.0,75675.66666666667
Peugeot,3008,11,39252.72727272727,35971.0,52261.7
Peugeot,307,1,6999.0,6999.0,203090.0
Peugeot,308,19,18100.473684210527,15990.0,93998.47368421052
Peugeot,4008,3,16326.333333333334,15990.0,126655.33333333333
Peugeot,407,2,7744.5,7744.5,186350.0
Peugeot,5008,3,47988.666666666664,45986.0,21318.0
Peugeot,508,2,34935.0,34935.0,35485.0
Peugeot,Expert,4,47388.0,47791.0,269.6666666666667
Peugeot,RCZ,1,14999.0,14999.0,146904.0
Polestar,2,1,79900.0,79900.0,
Porsche,718,8,150737.25,144100.0,25360.333333333332
Porsche,911,14,287444.9285714286,292475.0,67960.625
Porsche,Boxster,6,73701.5,74990.0,70493.16666666667
Porsche,Cayenne,34,102822.05882352941,73397.5,98438.93103448275
Porsche,Cayman,1,214880.0,214880.0,23481.0
Porsche,Macan,23,70950.13043478261,59950.0,83456.45454545454
Porsche,Panamera,6,164496.0,174494.0,85276.33333333333
Porsche,Taycan,5,262376.0,229880.0,16584.666666666668
Proton,S16,1,7990.0,7990.0,39593.0
Ram,1500,32,109410.9375,95983.0,57812.275862068964
Ram,2500,1,178312.0,178312.0,622.0
Renault,Arkana,17,42070.17647058824,39990.0,1707.625
Renault,Captur,17,36181.05882352941,39990.0,14565.25
Renault,Clio,9,17836.666666666668,16490.0,85553.66666666667
Renault,Kadjar,1,25996.0,25996.0,57068.0
Renault,Kangoo,12,22403.25,19994.5,97951.16666666667
Renault,Koleos,67,33000.92537313433,29999.0,49428.43548387097
Renault,Laguna,1,6990.0,6990.0,102701.0
Renault,Master,10,44885.8,46492.5,119229.66666666667
Renault,Megane,25,31550.16,17990.0,77098.5
Renault,Trafic,17,33905.76470588235,27950.0,145670.35714285713
Rolls-Royce,Ghost,1,329990.0,329990.0,45385.0
Rover,Mini,3,33221.333333333336,29888.0,53811.333333333336
Saab,3-Sep,2,6699.5,6699.5,128047.0
Skoda,Fabia,6,17859.0,15207.5,112600.6
Skoda,Kamiq,16,38196.5,37990.0,10104.5625
Skoda,Karoq,10,40792.4,43375.0,30153.0
Skoda,Kodiaq,23,49574.260869565216,47400.0,35909.65217391304
Skoda,Octavia,31,36988.645161290326,39880.0,61211.73333333333
Skoda,Rapid,3,23656.666666666668,23990.0,39084.666666666664
Skoda,Roomster,1,3999.0,3999.0,270350.0
Skoda,Scala,5,34190.0,32990.0,1189.8
Skoda,Superb,16,35712.625,28494.5,85314.25
Smart,Fortwo,1,5985.0,5985.0,88178.0
Ssangyong,Actyon,3,13661.333333333334,15990.0,144353.33333333334
Ssangyong,Korando,9,26027.222222222223,32370.0,47117.333333333336
Ssangyong,Musso,25,42266.208333333336,43375.0,4396.391304347826
Ssangyong,Rexton,16,50493.4375,56565.0,22021.714285714286
Ssangyong,Stavic,2,13494.5,13494.5,146796.5
Subaru,BRZ,12,32618.75,32470.0,67146.41666666667
Subaru,Crosstrek,1,45990.0,45990.0,2300.0
Subaru,Forester,156,25418.42948717949,27490.0,118676.30322580645
Subaru,Impreza,88,22410.56818181818,19990.0,124274.02298850575
Subaru,Legacy,3,20255.333333333332,19990.0,94028.66666666667
Subaru,Levorg,4,33829.5,30970.0,109941.25
Subaru,Liberty,53,19161.188679245282,16990.0,141775.28301886792
Subaru,Outback,105,29399.438095238096,29990.0,106310.25714285714
Subaru,Sambar,1,21888.0,21888.0,76883.0
Subaru,Tribeca,5,15274.0,16600.0,138795.8
Subaru,WRX,56,41550.66071428572,40937.5,78006.09433962264
Subaru,XV,83,26076.20731707317,26394.5,100688.20731707317
Suzuki,APV,1,6999.0,6999.0,307806.0
Suzuki,Alto,8,12952.625,11990.0,94116.25
Suzuki,Baleno,27,20029.703703703704,19990.0,37954.444444444445
Suzuki,Carry,3,23559.333333333332,23990.0,4689.0
Suzuki,Celerio,1,13880.0,13880.0,23316.0
Suzuki,Every,3,20923.666666666668,19888.0,102285.33333333333
Suzuki,Grand,18,15213.5,14494.5,168181.66666666666
Suzuki,Ignis,20,22695.736842105263,21980.0,15776.5625
Suzuki,Jimny,32,38512.3125,39994.5,23227.25806451613
Suzuki,Kizashi,2,11956.0,11956.0,131184.0
Suzuki,S-Cross,10,38958.3,42939.0,16835.14285714286
Suzuki,SX4,9,17030.222222222223,9894.0,129211.66666666667
Suzuki,Sierra,1,26888.0,26888.0,78881.0
Suzuki,Swift,115,20971.08035714286,22898.5,74575.83168316832
Suzuki,Vitara,53,27221.423076923078,25939.0,62205.13725490196
Suzuki,XL-7,1,5990.0,5990.0,207703.0
Tata,Xenon,1,16990.0,16990.0,87179.0
Tesla,Model,16,85285.4375,73971.5,32276.0625
Toyota,86,24,29752.416666666668,27990.0,85162.04166666667
Toyota,Alphard,15,47264.933333333334,34995.0,93919.66666666667
Toyota,Altezza,2,21943.5,21943.5,85929.0
Toyota,Aurion,22,11233.681818181818,11990.0,188767.0
Toyota,Avalon,2,7894.5,7894.5,234713.0
Toyota,Avensis,4,9467.0,9437.5,188694.75
Toyota,C-HR,85,35815.458823529414,34990.0,51834.87804878049
Toyota,Caldina,1,19000.0,19000.0,56000.0
Toyota,Camry,246,29897.975609756097,31990.0,91847.6844262295
Toyota,Celica,2,23499.0,23499.0,201377.5
Toyota,Century,1,42888.0,42888.0,87502.0
Toyota,Coaster,2,149084.0,149084.0,3842.0
Toyota,Corolla,405,26215.883950617284,27990.0,85428.8578553616
Toyota,Crown,21,24220.95238095238,23888.0,110355.15789473684
Toyota,Echo,7,7705.571428571428,6990.0,140656.57142857142
Toyota,Estima,89,20382.696629213482,19900.0,112589.02247191011
Toyota,FJ,12,38854.25,38397.0,177337.66666666666
Toyota,Fortuner,27,55619.77777777778,55988.0,69410.76923076923
Toyota,GR,9,57544.555555555555,51990.0,18951.0
Toyota,GR86,3,47413.0,47999.0,1401.5
Toyota,Granvia,2,34494.5,34494.5,124681.0
Toyota,HiAce,208,35265.69902912621,31945.0,151120.62561576354
Toyota,Hilux,430,38190.92558139535,36919.0,150616.67688679244
Toyota,Kluger,180,40318.305555555555,37990.0,105990.4
Toyota,Land,35,72758.82857142857,71888.0,137912.51428571428
Toyota,Landcruiser,370,68653.94324324324,64994.5,156580.95567867035
Toyota,Mark,2,15388.0,15388.0,106465.0
Toyota,Mr,1,54890.0,54890.0,87616.0
Toyota,Noah,5,29785.8,32999.0,101709.2
Toyota,Other,4,38469.0,34499.0,97836.5
Toyota,Prius,18,27542.666666666668,22740.0,107535.72222222222
Toyota,Prius-C,1,26990.0,26990.0,39807.0
Toyota,RAV4,344,41148.49127906977,44888.0,81311.18154761905
Toyota,Ractis,2,23441.5,23441.5,25136.5
Toyota,Rav,19,40228.52631578947,40999.0,91125.84210526316
Toyota,Regius,1,33995.0,33995.0,42993.0
Toyota,Sai,5,23177.8,24999.0,66259.0
Toyota,Supra,7,89518.71428571429,94995.0,68231.83333333333
Toyota,Tarago,29,23339.379310344826,17990.0,159069.93103448275
Toyota,Tundra,1,99990.0,99990.0,121720.0
Toyota,Vellfire,11,34220.454545454544,25888.0,98685.54545454546
Toyota,Voxy,10,30393.5,32999.0,97425.1
Toyota,Yaris,120,22178.266666666666,19340.0,87399.60869565218
Volkswagen,Amarok,98,41324.21428571428,39294.5,117847.63541666667
Volkswagen,Arteon,18,62403.72222222222,65940.0,19787.722222222223
Volkswagen,Beetle,3,20622.0,23990.0,116270.0
Volkswagen,CC,1,18990.0,18990.0,117146.0
Volkswagen,Caddy,36,28900.305555555555,27888.0,119174.7741935484
Volkswagen,California,1,100990.0,100990.0,
Volkswagen,Caravelle,2,39480.5,39480.5,163331.0
Volkswagen,Crafter,26,57284.346153846156,64435.0,157860.0
Volkswagen,EOS,5,13377.8,11490.0,150038.0
Volkswagen,Golf,188,29240.340425531915,25999.0,84759.34946236559
Volkswagen,Jetta,10,12777.9,13990.0,136690.1
Volkswagen,Multivan,23,60656.72727272727,57990.0,71436.95652173914
Volkswagen,Passat,51,33227.1568627451,25490.0,91540.33333333333
Volkswagen,Polo,69,19526.260869565216,18982.0,75543.49275362318
Volkswagen,Scirocco,4,29740.0,27490.0,94160.5
Volkswagen,T-Cross,47,35104.59574468085,34990.0,12519.866666666667
Volkswagen,T-ROC,48,53962.5625,54215.0,6625.659090909091
Volkswagen,Tiguan,203,39702.44827586207,39990.0,63289.32663316583
Volkswagen,Touareg,32,61319.90625,36492.5,98680.3125
Volkswagen,Transporter,22,33664.40909090909,27245.0,180246.95
Volvo,C30,3,12266.666666666666,10913.0,93109.0
Volvo,C40,3,77660.0,77000.0,1815.0
Volvo,S40,1,4990.0,4990.0,226442.0
Volvo,S60,8,39946.5,35940.0,66917.125
Volvo,V40,6,18548.0,18675.0,130528.33333333333
Volvo,V50,1,9990.0,9990.0,132523.0
Volvo,V60,1,16880.0,16880.0,120720.0
Volvo,XC40,21,57454.142857142855,59990.0,27655.85
Volvo,XC60,49,45771.833333333336,32829.5,85842.89361702128
Volvo,XC70,1,12990.0,12990.0,196782.0
Volvo,XC90,18,39568.27777777778,27956.0,141533.66666666666
Volvo,Xc,15,62107.0,70951.0,66914.46153846153
