CarListingId,MakeName,ModelName,ModelYear,BodyType,FuelType,Kilometres,ListingPrice
82768,Alfa,Romeo,2006,Sedan,Premium,90000.0,88.0
79397,Daewoo,Lanos,1998,Sedan,Unleaded,310000.0,900.0
80140,Mazda,6,2004,Hatchback,Premium,201123.0,1200.0
68684,Chrysler,Sebring,2008,Sedan,Unleaded,129863.0,1895.0
71799,Mercedes-Benz,MB100,2002,Commercial,Diesel,460269.0,1895.0
74789,Volkswagen,Passat,2003,,,257234.0,2050.0
69085,Ford,Festiva,1999,Hatchback,Unleaded,213177.0,2500.0
80467,Toyota,Camry,2000,Sedan,Unleaded,343770.0,2500.0
70335,Hyundai,I30,2011,,,165183.0,2650.0
70134,Ford,Falcon,2002,Ute / Tray,Unleaded,321255.0,2995.0
71004,Hyundai,Elantra,2004,Hatchback,Unleaded,185413.0,2995.0
68762,Kia,Rondo,2008,Wagon,Unleaded,332493.0,2995.0
67918,Mazda,3,2005,Hatchback,Unleaded,333632.0,2995.0
66944,Nissan,Pulsar,2000,Hatchback,Unleaded,300539.0,2995.0
67356,Toyota,Corolla,1995,Hatchback,Unleaded,204004.0,2995.0
78063,Audi,A4,2000,Sedan,Premium,292000.0,2999.0
80106,Holden,Barina,2005,Hatchback,Unleaded,154185.0,2999.0
76955,Hyundai,I30,2009,Wagon,Unleaded,255090.0,2999.0
74019,Hyundai,Getz,2003,Hatchback,Unleaded,437121.0,2999.0
71310,Kia,RIO,2008,Hatchback,Unleaded,255250.0,2999.0
76534,Nissan,Dualis,2011,SUV,Unleaded,235949.0,3200.0
80463,Subaru,Forester,2008,SUV,Unleaded,307600.0,3200.0
71762,Mazda,323,2001,Hatchback,Unleaded,165000.0,3300.0
72359,Ford,Courier,1996,Ute / Tray,Unleaded,393675.0,3499.0
69767,Honda,CR-V,2001,SUV,Unleaded,303221.0,3499.0
