FactCarListingKey,CarListingId,MakeName,ModelName,ModelYear,BodyType,Transmission,FuelType,DriveType,CylinderCount,Doors,Seats,Suburb,StateCode,Postcode,Latitude,Longitude,ListingPrice,Kilometres,FuelConsumptionLPer100Km,VehicleSpecificationId,VehicleMatchScore,LocationMatchScore,SourceFileName,LoadedAtUtc
27556,77856,Audi,E-Tron,2022,Sedan,Automatic,Electric,AWD,0.0,4.0,5.0,,,,,,266990.0,3050.0,0.0,,,,Australian Vehicle Prices.csv,2026-09-02 12:19:25.615779
24968,75259,Audi,E-Tron,2022,Sedan,Automatic,Electric,AWD,0.0,4.0,5.0,,,,,,288888.0,2087.0,0.0,,,,Australian Vehicle Prices.csv,2026-09-02 12:19:25.615779
24538,74828,Audi,E-Tron,2022,SUV,Automatic,Electric,AWD,0.0,4.0,5.0,,,,,,158990.0,2604.0,0.0,,,,Australian Vehicle Prices.csv,2026-09-02 12:19:25.615779
28444,78752,Audi,E-Tron,2022,SUV,Automatic,Electric,AWD,0.0,4.0,5.0,,,,,,159990.0,20.0,0.0,,,,Australian Vehicle Prices.csv,2026-09-02 12:19:25.615779
20640,70915,Audi,E-Tron,2023,Sedan,Automatic,Electric,AWD,0.0,4.0,5.0,,,,,,286688.0,2088.0,0.0,,,,Australian Vehicle Prices.csv,2026-09-02 12:19:25.615779
20714,70990,Audi,E-Tron,2023,Sedan,Automatic,Electric,AWD,0.0,4.0,5.0,,,,,,283688.0,2088.0,0.0,,,,Australian Vehicle Prices.csv,2026-09-02 12:19:25.615779
22933,73220,BMW,I4,2022,Sedan,Automatic,Electric,Rear,0.0,4.0,5.0,,,,,,109990.0,9143.0,0.0,,,,Australian Vehicle Prices.csv,2026-09-02 12:19:25.615779
27837,78137,BMW,IX,2022,SUV,Automatic,Electric,AWD,0.0,4.0,5.0,,,,,,129888.0,5500.0,0.0,,,,Australian Vehicle Prices.csv,2026-09-02 12:19:25.615779
29503,79815,BMW,IX,2022,SUV,Automatic,Electric,AWD,0.0,4.0,5.0,,,,,,126888.0,5740.0,0.0,,,,Australian Vehicle Prices.csv,2026-09-02 12:19:25.615779
31736,82051,BMW,IX,2023,SUV,Automatic,Electric,AWD,0.0,4.0,5.0,,,,,,141900.0,,0.0,,,,Australian Vehicle Prices.csv,2026-09-02 12:19:25.615779
30964,81277,BMW,I3,2015,Hatchback,Automatic,Electric,Rear,0.0,4.0,5.0,,,,,,28888.0,88987.0,0.0,3826.0,80.0,,Australian Vehicle Prices.csv,2026-09-02 12:19:25.615779
25244,75535,BYD,Atto,2022,SUV,Automatic,Electric,Front,0.0,4.0,5.0,,,,,,49950.0,150.0,0.0,,,,Australian Vehicle Prices.csv,2026-09-02 12:19:25.615779
25572,75863,BYD,Atto,2022,SUV,Automatic,Electric,Front,0.0,4.0,5.0,,,,,,49950.0,923.0,0.0,,,,Australian Vehicle Prices.csv,2026-09-02 12:19:25.615779
31487,81801,BYD,T3,2023,Commercial,Automatic,Electric,Front,0.0,4.0,2.0,,,,,,34950.0,,0.0,,,,Australian Vehicle Prices.csv,2026-09-02 12:19:25.615779
32164,82482,Cupra,Born,2022,Hatchback,Automatic,Electric,Rear,0.0,5.0,4.0,,,,,,67990.0,1000.0,0.0,,,,Australian Vehicle Prices.csv,2026-09-02 12:19:25.615779
31710,82025,Genesis,GV60,2023,SUV,Automatic,Electric,AWD,0.0,4.0,5.0,,,,,,107700.0,,0.0,3995.0,80.0,,Australian Vehicle Prices.csv,2026-09-02 12:19:25.615779
22441,72725,GWM,ORA,2023,Hatchback,Automatic,Electric,Front,0.0,5.0,5.0,,,,,,43990.0,177.0,0.0,3981.0,80.0,,Australian Vehicle Prices.csv,2026-09-02 12:19:25.615779
17701,67966,GWM,ORA,2023,Hatchback,Automatic,Electric,Front,0.0,5.0,5.0,,,,,,45550.0,15.0,0.0,3981.0,80.0,,Australian Vehicle Prices.csv,2026-09-02 12:19:25.615779
33279,83599,Holden,Trailblazer,2020,Wagon,Automatic,Diesel,Other,,7.0,,,,,,,39990.0,73000.0,,,,,Australian Vehicle Prices.csv,2026-09-02 12:19:25.615779
27658,77958,Hyundai,Kona,2019,SUV,Automatic,Electric,Front,0.0,4.0,5.0,,,,,,42995.0,83781.0,0.0,3808.0,80.0,,Australian Vehicle Prices.csv,2026-09-02 12:19:25.615779
25653,75944,Hyundai,Kona,2021,SUV,Automatic,Electric,Front,0.0,4.0,5.0,,,,,,53821.0,26582.0,0.0,3808.0,80.0,,Australian Vehicle Prices.csv,2026-09-02 12:19:25.615779
27645,77945,Hyundai,Kona,2021,SUV,Automatic,Electric,Front,0.0,4.0,5.0,,,,,,57990.0,16656.0,0.0,3808.0,80.0,,Australian Vehicle Prices.csv,2026-09-02 12:19:25.615779
30191,80503,Hyundai,Kona,2021,SUV,Automatic,Electric,Front,0.0,4.0,5.0,,,,,,52977.0,19371.0,0.0,3808.0,80.0,,Australian Vehicle Prices.csv,2026-09-02 12:19:25.615779
32961,83281,Hyundai,Kona,2022,SUV,Automatic,Electric,Front,0.0,4.0,5.0,,,,,,59360.0,4225.0,0.0,3808.0,80.0,,Australian Vehicle Prices.csv,2026-09-02 12:19:25.615779
17299,67562,Hyundai,Ioniq,2019,Hatchback,Automatic,Electric,Front,0.0,4.0,5.0,,,,,,39990.0,41067.0,0.0,3801.0,80.0,,Australian Vehicle Prices.csv,2026-09-02 12:19:25.615779
32517,82836,Hyundai,Ioniq,2019,Hatchback,Automatic,Electric,Front,0.0,4.0,5.0,,,,,,41990.0,25714.0,0.0,3801.0,80.0,,Australian Vehicle Prices.csv,2026-09-02 12:19:25.615779
20317,70592,Hyundai,Ioniq,2021,Hatchback,Automatic,Electric,Front,0.0,4.0,5.0,,,,,,42977.0,17611.0,0.0,3801.0,80.0,,Australian Vehicle Prices.csv,2026-09-02 12:19:25.615779
20692,70968,Hyundai,Ioniq,2021,SUV,,Electric,AWD,0.0,4.0,5.0,,,,,,79990.0,16155.0,0.0,3801.0,80.0,,Australian Vehicle Prices.csv,2026-09-02 12:19:25.615779
31734,82049,Jaguar,I-Pace,2023,SUV,Automatic,Electric,AWD,0.0,4.0,5.0,,,,,,148800.0,,0.0,,,,Australian Vehicle Prices.csv,2026-09-02 12:19:25.615779
28973,79284,Jaguar,I-Pace,2023,SUV,Automatic,Electric,AWD,0.0,4.0,5.0,,,,,,179990.0,10.0,0.0,,,,Australian Vehicle Prices.csv,2026-09-02 12:19:25.615779
20424,70699,Kia,Niro,2021,SUV,Automatic,Electric,Front,0.0,4.0,5.0,,,,,,46990.0,8001.0,0.0,3929.0,80.0,,Australian Vehicle Prices.csv,2026-09-02 12:19:25.615779
31640,81955,Kia,Niro,2023,SUV,Automatic,Electric,Front,0.0,4.0,5.0,,,,,,72360.0,,0.0,3929.0,80.0,,Australian Vehicle Prices.csv,2026-09-02 12:19:25.615779
27509,77809,Kia,EV6,2022,SUV,Automatic,Electric,AWD,0.0,4.0,5.0,,,,,,90998.0,1799.0,0.0,3923.0,80.0,,Australian Vehicle Prices.csv,2026-09-02 12:19:25.615779
31067,81380,Kia,EV6,2023,SUV,Automatic,Electric,AWD,0.0,4.0,5.0,,,,,,115043.0,,0.0,3923.0,80.0,,Australian Vehicle Prices.csv,2026-09-02 12:19:25.615779
31621,81936,Kia,EV6,2023,SUV,Automatic,Electric,AWD,0.0,4.0,5.0,,,,,,87590.0,,0.0,3923.0,80.0,,Australian Vehicle Prices.csv,2026-09-02 12:19:25.615779
31402,81716,Kia,EV6,2023,SUV,Automatic,Electric,Rear,0.0,4.0,5.0,,,,,,72590.0,,0.0,3923.0,80.0,,Australian Vehicle Prices.csv,2026-09-02 12:19:25.615779
20217,70491,LDV,Mifa,2022,Wagon,Automatic,Electric,Front,0.0,4.0,7.0,,,,,,117990.0,462.0,0.0,,,,Australian Vehicle Prices.csv,2026-09-02 12:19:25.615779
31649,81964,LDV,Edeliver,2023,Commercial,Automatic,Electric,Front,0.0,3.0,3.0,,,,,,118836.0,,0.0,,,,Australian Vehicle Prices.csv,2026-09-02 12:19:25.615779
25871,76164,Mercedes-Benz,EQS53,2022,Sedan,Automatic,Electric,AWD,0.0,4.0,5.0,,,,,,268800.0,6753.0,0.0,,,,Australian Vehicle Prices.csv,2026-09-02 12:19:25.615779
26066,76360,Mercedes-Benz,EQC,2021,SUV,Automatic,Electric,AWD,0.0,4.0,5.0,,,,,,114800.0,2118.0,0.0,,,,Australian Vehicle Prices.csv,2026-09-02 12:19:25.615779
21289,71566,Mercedes-Benz,EQA,2021,SUV,Automatic,Electric,Front,0.0,4.0,5.0,,,,,,85800.0,4730.0,0.0,,,,Australian Vehicle Prices.csv,2026-09-02 12:19:25.615779
25359,75650,Mercedes-Benz,EQB,2023,SUV,Automatic,Electric,AWD,0.0,4.0,5.0,,,,,,109800.0,2002.0,0.0,3872.0,80.0,,Australian Vehicle Prices.csv,2026-09-02 12:19:25.615779
26915,77212,MG,ZS,2021,SUV,Automatic,Electric,Front,0.0,4.0,5.0,,,,,,34960.0,62062.0,0.0,,,,Australian Vehicle Prices.csv,2026-09-02 12:19:25.615779
28131,78432,MG,ZS,2021,SUV,Automatic,Electric,Front,0.0,4.0,5.0,,,,,,32990.0,94589.0,0.0,,,,Australian Vehicle Prices.csv,2026-09-02 12:19:25.615779
28083,78384,MG,ZS,2021,SUV,Automatic,Electric,Front,0.0,4.0,5.0,,,,,,35580.0,58197.0,0.0,,,,Australian Vehicle Prices.csv,2026-09-02 12:19:25.615779
28068,78369,MG,ZS,2021,SUV,Automatic,Electric,Front,0.0,4.0,5.0,,,,,,31990.0,103635.0,0.0,,,,Australian Vehicle Prices.csv,2026-09-02 12:19:25.615779
28072,78373,MG,ZS,2021,SUV,Automatic,Electric,Front,0.0,4.0,5.0,,,,,,31960.0,99893.0,0.0,,,,Australian Vehicle Prices.csv,2026-09-02 12:19:25.615779
31116,81429,MG,ZS,2021,SUV,Automatic,Electric,Front,0.0,4.0,5.0,,,,,,36999.0,9957.0,0.0,,,,Australian Vehicle Prices.csv,2026-09-02 12:19:25.615779
31097,81410,MG,ZS,2021,SUV,Automatic,Electric,Front,0.0,4.0,5.0,,,,,,36999.0,14685.0,0.0,,,,Australian Vehicle Prices.csv,2026-09-02 12:19:25.615779
31255,81569,MG,ZS,2021,SUV,Automatic,Electric,Front,0.0,4.0,5.0,,,,,,39888.0,32953.0,0.0,,,,Australian Vehicle Prices.csv,2026-09-02 12:19:25.615779
24414,74704,MG,ZS,2021,SUV,Automatic,Electric,Front,0.0,4.0,5.0,,,,,,35890.0,21075.0,0.0,,,,Australian Vehicle Prices.csv,2026-09-02 12:19:25.615779
27408,77708,MG,ZS,2022,SUV,Automatic,Electric,Front,0.0,4.0,5.0,,,,,,45990.0,1523.0,0.0,,,,Australian Vehicle Prices.csv,2026-09-02 12:19:25.615779
28686,78996,MG,ZS,2022,SUV,Automatic,Electric,Front,0.0,4.0,5.0,,,,,,50476.0,1002.0,0.0,,,,Australian Vehicle Prices.csv,2026-09-02 12:19:25.615779
28273,78577,MG,ZS,2022,SUV,Automatic,Electric,Front,0.0,4.0,5.0,,,,,,46990.0,10.0,0.0,,,,Australian Vehicle Prices.csv,2026-09-02 12:19:25.615779
28371,78678,MG,ZS,2022,SUV,Automatic,Electric,Front,0.0,4.0,5.0,,,,,,43990.0,2585.0,0.0,,,,Australian Vehicle Prices.csv,2026-09-02 12:19:25.615779
28527,78835,MG,ZS,2022,SUV,Automatic,Electric,Front,0.0,4.0,5.0,,,,,,49990.0,10.0,0.0,,,,Australian Vehicle Prices.csv,2026-09-02 12:19:25.615779
19824,70096,MG,ZS,2022,SUV,Automatic,Electric,Front,0.0,4.0,5.0,,,,,,50490.0,15.0,0.0,,,,Australian Vehicle Prices.csv,2026-09-02 12:19:25.615779
19816,70088,MG,ZS,2022,SUV,Automatic,Electric,Front,0.0,4.0,5.0,,,,,,49709.0,71.0,0.0,,,,Australian Vehicle Prices.csv,2026-09-02 12:19:25.615779
19379,69649,MG,ZS,2022,SUV,Automatic,Electric,Front,0.0,4.0,5.0,,,,,,48688.0,875.0,0.0,,,,Australian Vehicle Prices.csv,2026-09-02 12:19:25.615779
19872,70144,MG,ZS,2023,SUV,Automatic,Electric,Front,0.0,4.0,5.0,,,,,,57709.0,11.0,0.0,,,,Australian Vehicle Prices.csv,2026-09-02 12:19:25.615779
19636,69907,MG,ZS,2023,SUV,Automatic,Electric,Front,0.0,4.0,5.0,,,,,,57709.0,15.0,0.0,,,,Australian Vehicle Prices.csv,2026-09-02 12:19:25.615779
18234,68500,MG,ZS,2023,SUV,Automatic,Electric,Front,0.0,4.0,5.0,,,,,,57709.0,15.0,0.0,,,,Australian Vehicle Prices.csv,2026-09-02 12:19:25.615779
27492,77792,MG,ZS,2023,SUV,Automatic,Electric,Front,0.0,4.0,5.0,,,,,,46297.0,10.0,0.0,,,,Australian Vehicle Prices.csv,2026-09-02 12:19:25.615779
31526,81841,MG,ZS,2023,SUV,Automatic,Electric,Front,0.0,4.0,5.0,,,,,,43990.0,,0.0,,,,Australian Vehicle Prices.csv,2026-09-02 12:19:25.615779
32988,83308,MG,ZS,2023,SUV,Automatic,Electric,Front,0.0,4.0,5.0,,,,,,54841.0,7.0,0.0,,,,Australian Vehicle Prices.csv,2026-09-02 12:19:25.615779
18573,68841,Mini,3D,2021,Hatchback,Automatic,Electric,Front,0.0,3.0,4.0,,,,,,49999.0,7300.0,0.0,,,,Australian Vehicle Prices.csv,2026-09-02 12:19:25.615779
19371,69641,Mini,3D,2021,Hatchback,Automatic,Electric,Front,0.0,3.0,4.0,,,,,,54990.0,4001.0,0.0,,,,Australian Vehicle Prices.csv,2026-09-02 12:19:25.615779
24471,74761,Mini,3D,2021,Hatchback,Automatic,Electric,Front,0.0,3.0,4.0,,,,,,48705.0,5455.0,0.0,,,,Australian Vehicle Prices.csv,2026-09-02 12:19:25.615779
18578,68846,Mini,3D,2022,Hatchback,Automatic,Electric,Front,0.0,3.0,4.0,,,,,,57344.0,6200.0,0.0,,,,Australian Vehicle Prices.csv,2026-09-02 12:19:25.615779
18500,68768,Mini,3D,2022,Hatchback,Automatic,Electric,Front,0.0,3.0,4.0,,,,,,54280.0,6000.0,0.0,,,,Australian Vehicle Prices.csv,2026-09-02 12:19:25.615779
32553,82872,Mini,3D,2022,Hatchback,Automatic,Electric,Front,0.0,3.0,4.0,,,,,,59990.0,5100.0,0.0,,,,Australian Vehicle Prices.csv,2026-09-02 12:19:25.615779
20481,70756,Mini,3D,2023,Hatchback,Automatic,Electric,Front,0.0,3.0,4.0,,,,,,63750.0,1653.0,0.0,,,,Australian Vehicle Prices.csv,2026-09-02 12:19:25.615779
32819,83138,Mitsubishi,Delica,2002,Commercial,Automatic,Unleaded,Other,,8.0,,,,,,,17990.0,174356.0,,,,,Australian Vehicle Prices.csv,2026-09-02 12:19:25.615779
33222,83542,Mitsubishi,Delica,2016,Commercial,Automatic,Diesel,Other,,8.0,,,,,,,37500.0,69000.0,,,,,Australian Vehicle Prices.csv,2026-09-02 12:19:25.615779
33186,83506,Nissan,Elgrand,2008,Commercial,Automatic,Unleaded,Front,,8.0,,,,,,,17999.0,74000.0,,,,,Australian Vehicle Prices.csv,2026-09-02 12:19:25.615779
32611,82930,Nissan,Elgrand,2011,Commercial,Automatic,Unleaded,Front,,8.0,,,,,,,17999.0,179900.0,,,,,Australian Vehicle Prices.csv,2026-09-02 12:19:25.615779
20017,70290,Nissan,Leaf,2012,Hatchback,Automatic,Electric,Front,0.0,5.0,5.0,,,,,,17999.0,86774.0,0.0,3405.0,80.0,,Australian Vehicle Prices.csv,2026-09-02 12:19:25.615779
30003,80315,Nissan,Leaf,2017,Hatchback,Automatic,,Front,0.0,5.0,,,,,,,27200.0,40900.0,,3405.0,80.0,,Australian Vehicle Prices.csv,2026-09-02 12:19:25.615779
20968,71244,Nissan,Leaf,2019,Hatchback,Automatic,Electric,Front,0.0,5.0,5.0,,,,,,47995.0,41289.0,0.0,3405.0,80.0,,Australian Vehicle Prices.csv,2026-09-02 12:19:25.615779
23759,74046,Nissan,Leaf,2019,Hatchback,Automatic,Electric,Front,0.0,5.0,5.0,,,,,,36990.0,45987.0,0.0,3405.0,80.0,,Australian Vehicle Prices.csv,2026-09-02 12:19:25.615779
27397,77697,Nissan,Leaf,2019,Hatchback,Automatic,Electric,Front,0.0,5.0,5.0,,,,,,38200.0,13700.0,0.0,3405.0,80.0,,Australian Vehicle Prices.csv,2026-09-02 12:19:25.615779
21664,71944,Nissan,Leaf,2020,Hatchback,Automatic,Electric,Front,0.0,5.0,5.0,,,,,,52995.0,33250.0,0.0,3405.0,80.0,,Australian Vehicle Prices.csv,2026-09-02 12:19:25.615779
31121,81434,Nissan,Leaf,2020,Hatchback,Automatic,Electric,Front,0.0,5.0,5.0,,,,,,38965.0,13662.0,0.0,3405.0,80.0,,Australian Vehicle Prices.csv,2026-09-02 12:19:25.615779
32880,83199,Nissan,Leaf,2021,Hatchback,Automatic,Electric,Front,0.0,5.0,5.0,,,,,,48990.0,29050.0,0.0,3405.0,80.0,,Australian Vehicle Prices.csv,2026-09-02 12:19:25.615779
27121,77421,Nissan,Leaf,2021,Hatchback,Automatic,Electric,Front,0.0,5.0,5.0,,,,,,45990.0,22703.0,0.0,3405.0,80.0,,Australian Vehicle Prices.csv,2026-09-02 12:19:25.615779
30100,80412,Nissan,Leaf,2022,Hatchback,Automatic,Electric,Front,0.0,5.0,5.0,,,,,,61940.0,2411.0,0.0,3405.0,80.0,,Australian Vehicle Prices.csv,2026-09-02 12:19:25.615779
24528,74818,Nissan,Leaf,2022,Hatchback,Automatic,Electric,Front,0.0,5.0,5.0,,,,,,53900.0,2300.0,0.0,3405.0,80.0,,Australian Vehicle Prices.csv,2026-09-02 12:19:25.615779
31757,82072,Nissan,Leaf,2023,Hatchback,Automatic,Electric,Front,0.0,5.0,5.0,,,,,,61490.0,,0.0,3405.0,80.0,,Australian Vehicle Prices.csv,2026-09-02 12:19:25.615779
31909,82226,Polestar,2,2023,Hatchback,Automatic,Electric,Front,0.0,5.0,5.0,,,,,,79900.0,,0.0,3916.0,80.0,,Australian Vehicle Prices.csv,2026-09-02 12:19:25.615779
20357,70632,Porsche,Taycan,2021,Sedan,Automatic,Electric,AWD,0.0,4.0,4.0,,,,,,179900.0,37650.0,0.0,,,,Australian Vehicle Prices.csv,2026-09-02 12:19:25.615779
18353,68620,Porsche,Taycan,2022,Sedan,,Electric,AWD,0.0,4.0,4.0,,,,,,339900.0,9510.0,0.0,,,,Australian Vehicle Prices.csv,2026-09-02 12:19:25.615779
21960,72241,Porsche,Taycan,2022,Sedan,,Electric,AWD,0.0,4.0,4.0,,,,,,229880.0,2594.0,0.0,,,,Australian Vehicle Prices.csv,2026-09-02 12:19:25.615779
31680,81995,Porsche,Taycan,2023,Sedan,,Electric,AWD,0.0,4.0,4.0,,,,,,352600.0,,0.0,,,,Australian Vehicle Prices.csv,2026-09-02 12:19:25.615779
31678,81993,Porsche,Taycan,2023,Wagon,,Electric,AWD,0.0,4.0,4.0,,,,,,209600.0,,0.0,,,,Australian Vehicle Prices.csv,2026-09-02 12:19:25.615779
22161,72444,Tesla,Model,2016,SUV,Automatic,Electric,4WD,0.0,4.0,5.0,,,,,,92888.0,74005.0,0.0,,,,Australian Vehicle Prices.csv,2026-09-02 12:19:25.615779
17591,67856,Tesla,Model,2017,SUV,Automatic,Electric,4WD,0.0,4.0,5.0,,,,,,79800.0,126860.0,0.0,,,,Australian Vehicle Prices.csv,2026-09-02 12:19:25.615779
17583,67848,Tesla,Model,2019,Sedan,Automatic,Electric,AWD,0.0,5.0,5.0,,,,,,159888.0,39136.0,0.0,,,,Australian Vehicle Prices.csv,2026-09-02 12:19:25.615779
27652,77952,Tesla,Model,2019,Sedan,Automatic,Electric,Rear,0.0,5.0,5.0,,,,,,56950.0,48000.0,0.0,,,,Australian Vehicle Prices.csv,2026-09-02 12:19:25.615779
31905,82222,Tesla,Model,2020,Sedan,Automatic,Electric,Rear,0.0,5.0,5.0,,,,,,82800.0,33248.0,0.0,,,,Australian Vehicle Prices.csv,2026-09-02 12:19:25.615779
19819,70091,Tesla,Model,2020,Sedan,Automatic,Electric,Rear,0.0,5.0,5.0,,,,,,62990.0,51547.0,0.0,,,,Australian Vehicle Prices.csv,2026-09-02 12:19:25.615779
19624,69894,Tesla,Model,2020,SUV,Automatic,Electric,AWD,0.0,4.0,5.0,,,,,,165900.0,36477.0,0.0,,,,Australian Vehicle Prices.csv,2026-09-02 12:19:25.615779
20154,70427,Tesla,Model,2021,Sedan,Automatic,Electric,AWD,0.0,5.0,5.0,,,,,,67800.0,31575.0,0.0,,,,Australian Vehicle Prices.csv,2026-09-02 12:19:25.615779
31343,81657,Tesla,Model,2022,Sedan,Automatic,Electric,AWD,0.0,4.0,5.0,,,,,,86990.0,6704.0,0.0,,,,Australian Vehicle Prices.csv,2026-09-02 12:19:25.615779
32278,82596,Tesla,Model,2022,Sedan,Automatic,Electric,Rear,0.0,4.0,5.0,,,,,,62990.0,4760.0,0.0,,,,Australian Vehicle Prices.csv,2026-09-02 12:19:25.615779
29025,79336,Tesla,Model,2022,Sedan,Automatic,Electric,Rear,0.0,5.0,5.0,,,,,,64990.0,47.0,0.0,,,,Australian Vehicle Prices.csv,2026-09-02 12:19:25.615779
30712,81024,Tesla,Model,2022,SUV,Automatic,Electric,Rear,0.0,5.0,5.0,,,,,,72993.0,6748.0,0.0,,,,Australian Vehicle Prices.csv,2026-09-02 12:19:25.615779
30990,81303,Tesla,Model,2023,SUV,Automatic,Electric,AWD,0.0,5.0,5.0,,,,,,106888.0,160.0,0.0,,,,Australian Vehicle Prices.csv,2026-09-02 12:19:25.615779
32806,83125,Toyota,HiAce,2012,Commercial,Automatic,Unleaded,Rear,,9.0,,,,,,,23990.0,115666.0,,,,,Australian Vehicle Prices.csv,2026-09-02 12:19:25.615779
32814,83133,Toyota,HiAce,2012,Commercial,Automatic,Unleaded,Rear,,9.0,,,,,,,23990.0,127000.0,,,,,Australian Vehicle Prices.csv,2026-09-02 12:19:25.615779
33275,83595,Toyota,HiAce,2013,Commercial,Automatic,Unleaded,Rear,,12.0,,,,,,,38999.0,68000.0,,,,,Australian Vehicle Prices.csv,2026-09-02 12:19:25.615779
32809,83128,Toyota,HiAce,2014,Commercial,Automatic,Diesel,Other,,8.0,,,,,,,37990.0,130447.0,,,,,Australian Vehicle Prices.csv,2026-09-02 12:19:25.615779
32599,82918,Toyota,HiAce,2015,Commercial,Automatic,Unleaded,Rear,,8.0,,,,,,,31999.0,128700.0,,,,,Australian Vehicle Prices.csv,2026-09-02 12:19:25.615779
33292,83612,Toyota,HiAce,2015,Commercial,Automatic,Unleaded,Rear,,9.0,,,,,,,30900.0,97000.0,,,,,Australian Vehicle Prices.csv,2026-09-02 12:19:25.615779
33200,83520,Toyota,HiAce,2019,Commercial,Automatic,Diesel,AWD,,9.0,,,,,,,35450.0,97000.0,,,,,Australian Vehicle Prices.csv,2026-09-02 12:19:25.615779
18504,68772,Toyota,Estima,2011,Commercial,Automatic,Premium,AWD,,7.0,,,,,,,19995.0,104000.0,,,,,Australian Vehicle Prices.csv,2026-09-02 12:19:25.615779
33343,83663,Toyota,Estima,2011,Wagon,Automatic,Unleaded,Front,,7.0,,,,,,,21989.0,97000.0,,,,,Australian Vehicle Prices.csv,2026-09-02 12:19:25.615779
31897,82214,Toyota,Estima,2012,Commercial,Automatic,Unleaded,Front,,8.0,,,,,,,24848.0,108022.0,,,,,Australian Vehicle Prices.csv,2026-09-02 12:19:25.615779
33202,83522,Toyota,Noah,2018,Commercial,Automatic,Unleaded,Front,,8.0,,,,,,,39950.0,80000.0,,,,,Australian Vehicle Prices.csv,2026-09-02 12:19:25.615779
33188,83508,Toyota,Alphard,2010,Commercial,Automatic,Unleaded,Front,,7.0,,,,,,,31900.0,138000.0,,,,,Australian Vehicle Prices.csv,2026-09-02 12:19:25.615779
33346,83666,Toyota,Alphard,2014,Commercial,Automatic,Unleaded,Front,,7.0,,,,,,,29500.0,66000.0,,,,,Australian Vehicle Prices.csv,2026-09-02 12:19:25.615779
30319,80631,Toyota,Coaster,2022,People Mover,Automatic,Diesel,Rear,4.0,3.0,22.0,,,,,,155988.0,3842.0,0.0,,,,Australian Vehicle Prices.csv,2026-09-02 12:19:25.615779
31603,81918,Toyota,Coaster,2023,People Mover,Automatic,Diesel,Rear,4.0,3.0,22.0,,,,,,142180.0,,0.0,,,,Australian Vehicle Prices.csv,2026-09-02 12:19:25.615779
33216,83536,Toyota,Voxy,2020,Commercial,Automatic,Unleaded,Front,,7.0,,,,,,,44950.0,43000.0,,,,,Australian Vehicle Prices.csv,2026-09-02 12:19:25.615779
33203,83523,Toyota,Other,2016,Commercial,Automatic,Unleaded,Front,,7.0,,,,,,,26999.0,87000.0,,,,,Australian Vehicle Prices.csv,2026-09-02 12:19:25.615779
33194,83514,Toyota,Other,2018,Commercial,Automatic,Other,Front,,7.0,,,,,,,41999.0,30000.0,,,,,Australian Vehicle Prices.csv,2026-09-02 12:19:25.615779
29819,80131,Volvo,C40,2022,SUV,Automatic,Electric,Front,0.0,4.0,5.0,,,,,,79990.0,10.0,0.0,,,,Australian Vehicle Prices.csv,2026-09-02 12:19:25.615779
31642,81957,Volvo,C40,2023,SUV,Automatic,Electric,Front,0.0,4.0,5.0,,,,,,75990.0,,0.0,,,,Australian Vehicle Prices.csv,2026-09-02 12:19:25.615779
20042,70315,Volvo,XC40,2022,SUV,Automatic,Electric,AWD,0.0,4.0,5.0,,,,,,79990.0,34767.0,0.0,,,,Australian Vehicle Prices.csv,2026-09-02 12:19:25.615779
31636,81951,Volvo,XC40,2023,SUV,Automatic,Electric,Front,0.0,4.0,5.0,,,,,,73990.0,,0.0,,,,Australian Vehicle Prices.csv,2026-09-02 12:19:25.615779
