,MissingCount,MissingPercentage,UniqueValues
Seats,1031,10.34,11
FuelConsumptionLPer100Km,1027,10.3,143
CylinderCount,1016,10.19,9
Doors,968,9.71,9
FuelType,370,3.71,8
LogKilometres,339,3.4,8723
Kilometres,339,3.4,8723
KilometresPerYear,339,3.4,8969
BodyType,179,1.79,10
Transmission,157,1.57,2
ModelYear,0,0.0,39
VehicleAge,0,0.0,39
MissingFeatureCount,0,0.0,9
IsHybrid,0,0.0,2
IsElectric,0,0.0,2
HasVehicleSpecMatch,0,0.0,2
HasMissingVehicleData,0,0.0,2
ModelName,0,0.0,653
MakeName,0,0.0,71
IsDiesel,0,0.0,2
DriveType,0,0.0,5
