BodyType,ListingCount,MeanPrice,MedianPrice,MinPrice,MaxPrice
Other,23,73967.65217391304,71561.0,27800.0,189990.0
Coupe,335,91586.76119402985,48000.0,3999.0,1500000.0
Convertible,129,78402.00775193798,39990.0,3999.0,649880.0
Ute / Tray,2491,40048.42513046969,34995.0,2995.0,293131.0
People Mover,21,48547.57142857143,34990.0,12995.0,155988.0
SUV,6847,39436.437563896594,32880.0,3200.0,478888.0
Commercial,608,44975.56907894737,31669.0,1895.0,368775.0
Missing,279,35563.52688172043,27990.0,2050.0,268888.0
Wagon,1223,33660.694194603435,24990.0,2995.0,499990.0
Sedan,1983,33336.207766011095,23990.0,88.0,553600.0
Hatchback,2684,23108.180700447094,20720.0,1200.0,139980.0
