FuelType,ListingCount,MeanPrice,MedianPrice,MinPrice,MaxPrice
Leaded,5,81072.0,69000.0,39990.0,148880.0
Electric,115,86183.02608695652,59360.0,17995.0,352600.0
Hybrid,647,57417.38176197836,45988.0,10999.0,299990.0
Premium,3356,48999.84833134684,35990.0,88.0,649880.0
Diesel,4878,41868.638376383766,34999.0,1895.0,368775.0
Missing,612,39471.69281045752,31992.5,2050.0,395500.0
Other,41,34303.95121951219,29950.0,16999.0,99888.0
Unleaded,6954,25585.554644808744,23490.0,900.0,1500000.0
LPG,15,15420.133333333333,15990.0,5995.0,31787.0
