MakeName,ListingCount,MeanPrice,MedianPrice,MinPrice,MaxPrice
Lamborghini,2,542440.0,542440.0,435000.0,649880.0
McLaren,8,443588.5,445500.0,288888.0,649880.0
Aston,5,284275.8,369000.0,94999.0,437400.0
International,2,341687.5,341687.5,314600.0,368775.0
Ferrari,8,507441.0,339945.0,209990.0,1500000.0
Rolls-Royce,1,329990.0,329990.0,329990.0,329990.0
Bentley,12,289942.1666666667,239439.0,49990.0,553600.0
Lotus,3,163990.0,194990.0,97990.0,198990.0
Chevrolet,13,150111.0,129990.0,19999.0,315888.0
Hino,26,122968.76923076923,111228.5,60632.0,234156.0
Ineos,3,109191.66666666667,109525.0,108525.0,109525.0
Caterham,2,103941.0,103941.0,81483.0,126399.0
Genesis,14,98190.85714285714,100044.0,52950.0,128888.0
Porsche,97,137256.44329896907,97500.0,18890.0,506200.0
Ram,33,111498.84848484848,96986.0,66990.0,249990.0
Maserati,16,128872.9375,95939.0,68800.0,298990.0
Iveco,37,156622.7027027027,90640.0,26950.0,332626.0
Polestar,1,79900.0,79900.0,79900.0,79900.0
Tesla,16,85285.4375,73971.5,55950.0,165900.0
Cupra,8,65182.5,65370.0,60990.0,69990.0
Packard,1,64990.0,64990.0,64990.0,64990.0
HSV,44,76732.81818181818,64934.0,24990.0,208800.0
Land,237,73699.33755274261,58999.0,8995.0,324990.0
FPV,5,52367.4,57957.0,34950.0,69990.0
Hummer,1,52999.0,52999.0,52999.0,52999.0
Lexus,183,57032.229508196724,49990.0,5999.0,212320.0
BYD,3,44950.0,49950.0,34950.0,49950.0
Jaguar,50,61018.9,49439.0,10888.0,188450.0
Mercedes-Benz,623,57542.65489566613,43936.0,1895.0,499990.0
Volvo,126,45975.468253968254,41994.5,4990.0,139990.0
Ssangyong,54,39342.62962962963,41837.5,7750.0,58585.0
GWM,185,40208.68108108108,40990.0,7750.0,60990.0
Isuzu,219,51329.34703196347,39990.0,9513.0,293131.0
Audi,458,51846.61135371179,39944.0,2999.0,436900.0
BMW,478,51750.52928870293,38859.0,3999.0,299990.0
Mahindra,11,33030.0,38290.0,12990.0,51990.0
Abarth,3,39934.666666666664,37990.0,36990.0,44824.0
Skoda,111,38111.7027027027,37990.0,3999.0,73990.0
Mini,80,37937.3125,34939.0,9995.0,75990.0
Volkswagen,886,37419.16252821671,34520.0,2050.0,145044.0
LDV,121,36924.64462809917,34498.0,14995.0,118836.0
Chery,10,29570.9,34190.0,5990.0,37690.0
Toyota,2782,38795.99281092739,33959.0,2500.0,299900.0
Jeep,320,42758.025,33489.5,5999.0,159990.0
Haval,22,32574.545454545456,32494.5,18990.0,45290.0
Renault,176,33055.10227272727,30449.5,6990.0,78309.0
Rover,3,33221.333333333336,29888.0,27888.0,41888.0
Datsun,1,29888.0,29888.0,29888.0,29888.0
Ford,1055,33335.22180094787,28998.0,2500.0,239990.0
MG,277,30058.238267148015,28588.0,12990.0,57709.0
Mitsubishi,1034,28568.582205029015,26992.5,4500.0,71850.0
Subaru,566,26920.021201413427,26990.0,3200.0,118880.0
Mazda,1164,30112.451890034365,26990.0,1200.0,100365.0
Daihatsu,11,27102.454545454544,26888.0,9990.0,36888.0
Kia,807,28589.449814126394,25490.0,2995.0,115043.0
Infiniti,3,28990.0,24990.0,21990.0,39990.0
Chrysler,26,31847.96153846154,24943.5,1895.0,74888.0
Nissan,1030,27757.212621359224,24790.0,2995.0,248888.0
Hyundai,1231,26208.31762794476,23990.0,2650.0,109990.0
Honda,365,24711.01917808219,23000.0,3499.0,78800.0
Suzuki,299,23746.24414715719,22990.0,3990.0,46990.0
Foton,4,26244.5,20494.5,12999.0,50990.0
Peugeot,59,25354.22033898305,19990.0,6499.0,64990.0
Holden,1087,21107.073597056118,17990.0,2999.0,148880.0
Citroen,15,21875.333333333332,17880.0,8990.0,59590.0
Tata,1,16990.0,16990.0,16990.0,16990.0
Fiat,36,20343.722222222223,14990.0,8990.0,129975.0
Dodge,13,25870.23076923077,12995.0,8999.0,179990.0
Alfa,14,24295.85714285714,12992.5,88.0,91990.0
Great,16,13059.6875,12492.5,7990.0,19490.0
Opel,4,12172.25,12347.5,8999.0,14995.0
Proton,1,7990.0,7990.0,7990.0,7990.0
Saab,2,6699.5,6699.5,5400.0,7999.0
Geely,1,6450.0,6450.0,6450.0,6450.0
Smart,1,5985.0,5985.0,5985.0,5985.0
Daewoo,1,900.0,900.0,900.0,900.0
