ModelName,ListingCount,MeanPrice,MedianPrice,MinPrice,MaxPrice
250,1,1500000.0,1500000.0,1500000.0,1500000.0
Aventador,1,649880.0,649880.0,649880.0,649880.0
812,1,610000.0,610000.0,610000.0,610000.0
GTC4,1,579888.0,579888.0,579888.0,579888.0
720S,3,566346.6666666666,524580.0,524580.0,649880.0
600LT,1,496000.0,496000.0,496000.0,496000.0
G63,3,429609.3333333333,478888.0,309950.0,499990.0
Urus,1,435000.0,435000.0,435000.0,435000.0
650S,1,369880.0,369880.0,369880.0,369880.0
Martin,5,284275.8,369000.0,94999.0,437400.0
Maybach,2,352194.0,352194.0,308888.0,395500.0
570S,2,341944.0,341944.0,288888.0,395000.0
Prostar,2,341687.5,341687.5,314600.0,368775.0
Ghost,1,329990.0,329990.0,329990.0,329990.0
F430,1,329900.0,329900.0,329900.0,329900.0
Continental,8,305854.75,316295.0,99980.0,471718.0
Stralis,12,299585.6666666667,316265.5,197482.0,332626.0
G-Class,1,309888.0,309888.0,309888.0,309888.0
R8,2,304600.0,304600.0,172300.0,436900.0
Mulsanne,2,301795.0,301795.0,49990.0,553600.0
540C,1,299900.0,299900.0,299900.0,299900.0
8,1,294900.0,294900.0,294900.0,294900.0
FYX,1,293131.0,293131.0,293131.0,293131.0
911,14,287444.9285714286,292475.0,89990.0,506200.0
AMG,3,297882.6666666667,289880.0,204888.0,398880.0
E-Tron,6,240872.33333333334,275339.0,158990.0,288888.0
Flying,1,268888.0,268888.0,268888.0,268888.0
EQS53,1,268800.0,268800.0,268800.0,268800.0
612,1,259880.0,259880.0,259880.0,259880.0
E63,1,252888.0,252888.0,252888.0,252888.0
M8,2,244945.0,244945.0,189900.0,299990.0
FYJ,1,240754.0,240754.0,240754.0,240754.0
Taycan,5,262376.0,229880.0,179900.0,352600.0
S450L,1,229800.0,229800.0,229800.0,229800.0
700,2,226963.0,226963.0,219770.0,234156.0
360,1,219880.0,219880.0,219880.0,219880.0
Cayman,1,214880.0,214880.0,214880.0,214880.0
LS500,1,212320.0,212320.0,212320.0,212320.0
FTS,1,210992.0,210992.0,210992.0,210992.0
California,3,220323.33333333334,209990.0,100990.0,349990.0
FVD,2,209383.0,209383.0,197239.0,221527.0
LS500H,1,201040.0,201040.0,201040.0,201040.0
LX600,1,199987.0,199987.0,199987.0,199987.0
Corvette,5,179541.4,198880.0,19999.0,315888.0
Evora,2,196990.0,196990.0,194990.0,198990.0
FVL,1,195100.0,195100.0,195100.0,195100.0
GLS,1,194800.0,194800.0,194800.0,194800.0
LX500D,3,187027.0,192990.0,170091.0,198000.0
GLE53,1,192300.0,192300.0,192300.0,192300.0
Gtsr,4,182167.0,184939.0,149990.0,208800.0
Viper,1,179990.0,179990.0,179990.0,179990.0
2500,1,178312.0,178312.0,178312.0,178312.0
Panamera,6,164496.0,174494.0,63888.0,263700.0
S63,1,165900.0,165900.0,165900.0,165900.0
SQ8,1,164889.0,164889.0,164889.0,164889.0
I-Pace,2,164395.0,164395.0,148800.0,179990.0
GT40,1,159990.0,159990.0,159990.0,159990.0
Arnage,1,159990.0,159990.0,159990.0,159990.0
Eurocargo,5,151173.2,152028.0,140730.0,159471.0
V,1,151898.0,151898.0,151898.0,151898.0
Coaster,2,149084.0,149084.0,142180.0,155988.0
RX500H,1,148888.0,148888.0,148888.0,148888.0
HDT,1,148880.0,148880.0,148880.0,148880.0
Granturismo,5,166993.8,144990.0,84999.0,295000.0
Grancabrio,2,144990.0,144990.0,109990.0,179990.0
718,8,150737.25,144100.0,102900.0,219480.0
F,8,143241.125,142490.0,14990.0,239990.0
FSR,3,154542.0,140605.0,138457.0,184564.0
GLE,6,138898.16666666666,140595.0,119800.0,158000.0
RS6,2,139750.0,139750.0,130000.0,149500.0
I8,1,137880.0,137880.0,137880.0,137880.0
GLE63,4,154667.25,137399.5,87990.0,255880.0
GLC63,6,140909.16666666666,137395.0,106888.0,191800.0
IX,4,144166.5,135894.0,126888.0,177990.0
Alpina,2,130400.0,130400.0,114900.0,145900.0
LC500,1,129900.0,129900.0,129900.0,129900.0
Silverado,8,131717.0,129439.0,115990.0,149990.0
S450,6,157032.83333333334,128904.5,95900.0,239800.0
530E,1,127400.0,127400.0,127400.0,127400.0
CLS53,2,127344.0,127344.0,114888.0,139800.0
RS,12,130534.0,126470.0,40990.0,299990.0
GV80,4,123247.0,124200.0,115700.0,128888.0
RS5,1,121950.0,121950.0,121950.0,121950.0
SQ7,4,121409.5,121935.0,72880.0,168888.0
FRD,1,120641.0,120641.0,120641.0,120641.0
LX570,3,118259.33333333333,119888.0,105900.0,128990.0
Edeliver,1,118836.0,118836.0,118836.0,118836.0
FRR,5,118517.0,118387.0,108461.0,131088.0
X7,4,120913.5,117388.0,98888.0,149990.0
LX450D,2,116990.0,116990.0,106990.0,126990.0
EQC,1,114800.0,114800.0,114800.0,114800.0
GT-R,4,146392.75,113897.5,108888.0,248888.0
RS4,2,112395.0,112395.0,104800.0,119990.0
I4,1,109990.0,109990.0,109990.0,109990.0
EQB,1,109800.0,109800.0,109800.0,109800.0
Grenadier,3,109191.66666666667,109525.0,108525.0,109525.0
C63,20,118735.6,108939.0,49980.0,229990.0
520I,1,107700.0,107700.0,107700.0,107700.0
GV60,1,107700.0,107700.0,107700.0,107700.0
M4,4,116938.0,106438.0,69888.0,184988.0
XKR,1,105990.0,105990.0,105990.0,105990.0
E53,1,104888.0,104888.0,104888.0,104888.0
Seven,2,103941.0,103941.0,81483.0,126399.0
CX-90,1,100365.0,100365.0,100365.0,100365.0
G80,3,91783.33333333333,100200.0,52950.0,122200.0
Tundra,1,99990.0,99990.0,99990.0,99990.0
F-Type,5,115674.0,99990.0,89990.0,188450.0
G350,1,99900.0,99900.0,99900.0,99900.0
M440I,1,99900.0,99900.0,99900.0,99900.0
Levante,3,163622.66666666666,99888.0,91990.0,298990.0
A7,2,99140.0,99140.0,54880.0,143400.0
GLE300,1,98800.0,98800.0,98800.0,98800.0
Elise,1,97990.0,97990.0,97990.0,97990.0
Q8,5,110857.6,96800.0,92788.0,135100.0
1500,32,109410.9375,95983.0,66990.0,249990.0
M3,10,113543.2,95919.0,43000.0,199900.0
NQR,2,95686.0,95686.0,87389.0,103983.0
Supra,7,89518.71428571429,94995.0,69880.0,102000.0
GLE450,2,94990.0,94990.0,61990.0,127990.0
Marco,1,93990.0,93990.0,93990.0,93990.0
S-Class,8,98438.625,93884.0,39888.0,179995.0
GTS,5,96527.0,89990.0,58880.0,149999.0
Grange,1,89980.0,89980.0,89980.0,89980.0
CLA35,1,89970.0,89970.0,89970.0,89970.0
S65,1,89950.0,89950.0,89950.0,89950.0
730D,1,89800.0,89800.0,89800.0,89800.0
EV6,4,91555.25,89294.0,72590.0,115043.0
Z,3,87922.0,85990.0,84888.0,92888.0
C43,9,80226.88888888889,85880.0,59900.0,99900.0
EQA,1,85800.0,85800.0,85800.0,85800.0
RX450HL,2,84340.0,84340.0,68800.0,99880.0
GLS500,2,83395.0,83395.0,79800.0,86990.0
M2,6,82380.66666666667,83344.0,58950.0,119900.0
NX350,4,83794.75,82999.0,81191.0,87990.0
GV70,3,81829.33333333333,82888.0,70900.0,91700.0
GLA35,3,81860.0,82880.0,79800.0,82900.0
Gladiator,14,80902.5,80939.0,64830.0,96990.0
NPR,2,80363.0,80363.0,78488.0,82238.0
740I,7,155286.2857142857,79988.0,27990.0,299888.0
GLE400,2,79970.0,79970.0,56950.0,102990.0
F250,1,79900.0,79900.0,79900.0,79900.0
NX350H,4,80888.25,79600.0,68200.0,96153.0
M340I,1,78995.0,78995.0,78995.0,78995.0
Ghibli,5,75254.0,78990.0,68800.0,79800.0
G70,3,84382.0,78191.0,75067.0,99888.0
Daily,20,72207.3,77395.5,26950.0,90883.0
CX-60,1,77000.0,77000.0,77000.0,77000.0
C40,3,77660.0,77000.0,75990.0,79990.0
GLC,16,80965.4375,76850.0,62990.0,109900.0
M5,6,120804.83333333333,75990.0,44990.0,243980.0
F450,1,75900.0,75900.0,75900.0,75900.0
RC,2,74996.0,74996.0,49995.0,99997.0
GLS350,3,75530.0,74990.0,66800.0,84800.0
Boxster,6,73701.5,74990.0,27250.0,119990.0
Palisade,14,74756.21428571429,74210.5,56980.0,109990.0
GLE43,1,73990.0,73990.0,73990.0,73990.0
Model,16,85285.4375,73971.5,55950.0,165900.0
GLA,4,73067.0,73645.0,61988.0,82990.0
Cayenne,34,102822.05882352941,73397.5,18890.0,229900.0
NMR,2,73217.5,73217.5,71561.0,74874.0
GLC43,5,77808.0,72800.0,48490.0,109900.0
E300,4,74567.0,72800.0,67868.0,84800.0
S5,6,68243.33333333333,72445.0,50990.0,78880.0
Land,35,72758.82857142857,71888.0,9990.0,147990.0
Xc,15,62107.0,70951.0,8999.0,139990.0
NLS,2,70504.5,70504.5,63948.0,77061.0
SLC,1,69990.0,69990.0,69990.0,69990.0
NX250,1,69990.0,69990.0,69990.0,69990.0
Xjsc,1,69990.0,69990.0,69990.0,69990.0
SL55,1,69950.0,69950.0,69950.0,69950.0
Quattroporte,1,69880.0,69880.0,69880.0,69880.0
RX350L,3,74029.33333333333,69388.0,62900.0,89800.0
Coupe,3,71323.33333333333,68990.0,22990.0,121990.0
CLA,6,70183.33333333333,68900.0,56800.0,82800.0
GLC300,3,67919.33333333333,68888.0,64990.0,69880.0
Silvia,1,68888.0,68888.0,68888.0,68888.0
Mifa,4,77240.0,68490.0,53990.0,117990.0
Fuso,1,67990.0,67990.0,67990.0,67990.0
Born,1,67990.0,67990.0,67990.0,67990.0
Formentor,3,66323.33333333333,67990.0,60990.0,69990.0
330I,13,67393.0,67988.0,41998.0,99888.0
Glb,4,60147.5,67900.0,29990.0,74800.0
ES300H,9,61940.0,67800.0,26990.0,78990.0
M6,1,66990.0,66990.0,66990.0,66990.0
GL63,2,66490.0,66490.0,62990.0,69990.0
SQ2,2,66355.0,66355.0,64800.0,67910.0
NNR,3,66941.33333333333,66325.0,62779.0,71720.0
Arteon,18,62403.72222222222,65940.0,39532.0,83157.0
Landcruiser,370,68653.94324324324,64994.5,8990.0,299900.0
120,1,64990.0,64990.0,64990.0,64990.0
GLC350,1,64880.0,64880.0,64880.0,64880.0
Crafter,26,57284.346153846156,64435.0,19800.0,87990.0
Leon,1,63990.0,63990.0,63990.0,63990.0
Senator,4,67192.0,63939.0,24990.0,115900.0
RX450H,13,61359.53846153846,63888.0,20990.0,104990.0
A35,1,62800.0,62800.0,62800.0,62800.0
Trucks,8,63655.5,62364.5,55394.0,74594.0
ES250,9,62095.555555555555,61900.0,54990.0,72990.0
Ateca,3,63503.333333333336,61880.0,61880.0,66750.0
300,24,55487.083333333336,61478.0,15999.0,88020.0
S350,2,60899.5,60899.5,36999.0,84800.0
NLR,3,63423.333333333336,60846.0,58023.0,71401.0
560,1,59999.0,59999.0,59999.0,59999.0
ML63,4,59715.0,59995.0,53880.0,64990.0
Mustang,53,64007.43396226415,59990.0,29990.0,234990.0
SQ5,19,63974.47368421053,59990.0,29800.0,129990.0
RS3,3,62622.666666666664,59990.0,54990.0,72888.0
XC40,21,57454.142857142855,59990.0,36990.0,79990.0
V250,4,64682.5,59970.0,58990.0,79800.0
F6,1,59950.0,59950.0,59950.0,59950.0
Macan,23,70950.13043478261,59950.0,46990.0,147999.0
S4,5,57260.8,59888.0,19990.0,108588.0
Rover,237,73699.33755274261,58999.0,8995.0,324990.0
CLA45,12,66421.0,58470.0,39888.0,117990.0
128TI,2,58440.0,58440.0,49900.0,66980.0
Convertible,6,55598.0,58314.5,42999.0,69900.0
RX350,16,52046.0,58240.0,7999.0,99900.0
Multivan,22,60656.72727272727,57990.0,9999.0,102887.0
GT,1,57957.0,57957.0,57957.0,57957.0
GLC200,6,56678.333333333336,56895.0,42800.0,68990.0
NX300H,5,55528.0,56880.0,45990.0,64990.0
Rexton,16,50493.4375,56565.0,9790.0,58585.0
Fortuner,27,55619.77777777778,55988.0,36977.0,79990.0
GLA45,6,70672.5,55950.0,41555.0,121900.0
Staria,4,56690.0,55944.0,51240.0,63632.0
GLE350,6,56659.666666666664,55689.0,41800.0,75800.0
E-CLASS,2,55490.0,55490.0,29990.0,80990.0
C5,3,44853.333333333336,54990.0,19980.0,59590.0
Stinger,40,54424.95,54900.0,36950.0,73300.0
Mr,1,54890.0,54890.0,54890.0,54890.0
3D,11,53184.27272727273,54280.0,39990.0,63750.0
T-ROC,48,53962.5625,54215.0,34990.0,69190.0
F-Pace,13,67020.23076923077,53990.0,32990.0,149888.0
RC350,5,56955.6,53990.0,49990.0,68888.0
CX-8,39,54488.53846153846,53950.0,36771.0,71989.0
NX,5,52851.6,52990.0,47488.0,60800.0
ES350,1,52900.0,52900.0,52900.0,52900.0
C300,23,57342.913043478264,52800.0,14499.0,101900.0
E400,6,57816.666666666664,52490.0,35950.0,86990.0
Pursuit,2,52470.0,52470.0,34950.0,69990.0
GR,9,57544.555555555555,51990.0,45990.0,82870.0
Scorpio-N,1,51990.0,51990.0,51990.0,51990.0
SC430,1,51990.0,51990.0,51990.0,51990.0
Tank,11,52225.818181818184,51585.0,49994.0,60990.0
RX300,4,53916.5,51439.0,48888.0,63900.0
E220,2,51145.0,51145.0,42490.0,59800.0
GLC220,1,50990.0,50990.0,50990.0,50990.0
Aumark,1,50990.0,50990.0,50990.0,50990.0
Wrangler,73,55592.34246575343,50990.0,13990.0,97990.0
E-Pace,8,53469.875,50888.0,36100.0,75900.0
Clubsport,22,59557.0,50739.0,27913.0,115449.0
M240I,2,50490.0,50490.0,38990.0,61990.0
Maloo,3,53328.0,49999.0,39990.0,69995.0
TT,9,44842.555555555555,49990.0,13990.0,95990.0
NX300,11,51842.545454545456,49990.0,41990.0,64990.0
CLK63,1,49990.0,49990.0,49990.0,49990.0
X350,3,55956.0,49990.0,48990.0,68888.0
Everest,81,52421.69135802469,49990.0,27950.0,99990.0
Atto,2,49950.0,49950.0,49950.0,49950.0
GLC250,14,47139.57142857143,49640.5,25990.0,69868.0
5,8,71107.875,49494.5,18999.0,176998.0
E200,10,61050.0,49395.0,31800.0,119800.0
XJ,1,48990.0,48990.0,48990.0,48990.0
ZR-V,1,48500.0,48500.0,48500.0,48500.0
IS350,8,52049.25,48470.0,21999.0,82800.0
CLS250,4,47522.0,48395.0,39800.0,53498.0
M140I,4,48618.75,48302.5,44990.0,52880.0
X250,4,47629.25,48295.0,43936.0,49991.0
GR86,3,47413.0,47999.0,45390.0,48850.0
Deliver,9,50061.22222222222,47990.0,42888.0,64200.0
SL500,1,47950.0,47950.0,47950.0,47950.0
Skyline,10,58328.5,47943.5,16990.0,138880.0
Expert,4,47388.0,47791.0,42980.0,50990.0
Kodiaq,23,49574.260869565216,47400.0,27990.0,73990.0
UX200,8,47704.25,46992.5,41990.0,59999.0
340I,1,46990.0,46990.0,46990.0,46990.0
GS350,1,46990.0,46990.0,46990.0,46990.0
X4,19,63454.73684210526,46932.0,32999.0,189990.0
A180,11,46708.90909090909,46550.0,26990.0,59800.0
Master,10,44885.8,46492.5,18850.0,56980.0
Niro,6,50699.666666666664,46490.0,32980.0,72360.0
Crosstrek,1,45990.0,45990.0,45990.0,45990.0
5008,3,47988.666666666664,45986.0,32990.0,64990.0
430I,5,55504.6,45555.0,35800.0,108988.0
5D,4,44834.5,45000.0,34888.0,54450.0
A200,19,38866.52631578947,44950.0,19888.0,51988.0
GS450H,1,44900.0,44900.0,44900.0,44900.0
RC200T,1,44900.0,44900.0,44900.0,44900.0
RAV4,344,41148.49127906977,44888.0,4998.0,76890.0
695,1,44824.0,44824.0,44824.0,44824.0
X3,77,46166.32467532468,44800.0,7888.0,126800.0
ORA,2,44770.0,44770.0,43990.0,45550.0
Monaro,4,47742.25,44494.5,43990.0,57990.0
A-CLASS,3,40656.666666666664,43990.0,21990.0,55990.0
CT,3,41626.666666666664,43990.0,23990.0,56900.0
UTE,86,42830.83720930233,43490.0,11999.0,68850.0
Q3,50,42627.68,43430.0,16890.0,72990.0
Karoq,10,40792.4,43375.0,19990.0,56900.0
Musso,24,42266.208333333336,43375.0,34777.0,47500.0
CX30,1,43294.0,43294.0,43294.0,43294.0
X2,9,46894.11111111111,42990.0,34800.0,76898.0
370Z,7,47062.71428571428,42990.0,37999.0,59990.0
S-Cross,10,38958.3,42939.0,19990.0,46185.0
Century,1,42888.0,42888.0,42888.0,42888.0
Q5,73,50233.97260273973,42800.0,12999.0,95900.0
420I,8,51462.0,42490.0,24997.0,83680.0
Ioniq,4,51236.75,42483.5,39990.0,79990.0
Compass,39,35189.41025641026,42450.0,5999.0,57888.0
MU-X,59,45696.69491525424,41990.0,21970.0,75890.0
A45,9,53060.22222222222,41990.0,33996.0,88900.0
ML400,1,41950.0,41950.0,41950.0,41950.0
IS300,2,41745.0,41745.0,16000.0,67490.0
FPV,1,41499.0,41499.0,41499.0,41499.0
H6,3,36255.0,41485.0,21990.0,45290.0
Rav,19,40228.52631578947,40999.0,6250.0,67888.0
Transit,24,41924.916666666664,40970.0,9995.0,75990.0
WRX,56,41550.66071428572,40937.5,16999.0,71888.0
GLE250,2,40934.0,40934.0,39980.0,41888.0
CX-30,45,39791.02222222222,40888.0,27990.0,52979.0
C350,1,40690.0,40690.0,40690.0,40690.0
M135I,4,40679.0,40439.0,29950.0,51888.0
XUV700,1,40290.0,40290.0,40290.0,40290.0
Jimny,32,38512.3125,39994.5,16372.0,46990.0
Q60,1,39990.0,39990.0,39990.0,39990.0
S3,17,45237.117647058825,39990.0,14888.0,87688.0
Arkana,17,42070.17647058824,39990.0,34990.0,49990.0
Tiguan,203,39702.44827586207,39990.0,6100.0,92990.0
UX,1,39990.0,39990.0,39990.0,39990.0
X6,9,45379.88888888889,39990.0,22995.0,77990.0
2002,1,39990.0,39990.0,39990.0,39990.0
Captur,17,36181.05882352941,39990.0,16851.0,45140.0
CLA250,10,40831.0,39990.0,33990.0,51990.0
CX-9,123,42069.11382113821,39990.0,7999.0,82888.0
M235I,4,41712.0,39990.0,29980.0,56888.0
300ZX,1,39980.0,39980.0,39980.0,39980.0
LS460,1,39888.0,39888.0,39888.0,39888.0
Octavia,31,36988.645161290326,39880.0,9990.0,62990.0
530D,1,39500.0,39500.0,39500.0,39500.0
IS300H,6,42758.666666666664,39494.5,25990.0,74873.0
Caravelle,2,39480.5,39480.5,38971.0,39990.0
Amarok,98,41324.21428571428,39294.5,10999.0,107990.0
A250,15,41489.8,38999.0,19999.0,69990.0
Valente,2,38994.0,38994.0,29990.0,47998.0
E55,2,38970.0,38970.0,38950.0,38990.0
Sprinter,33,46434.818181818184,38950.0,9999.0,92031.0
Z4,4,49444.25,38895.0,29999.0,89988.0
Countryman,19,40710.52631578947,38790.0,11750.0,75990.0
Carnival,105,38186.752380952385,38490.0,7995.0,65580.0
Q7,48,47120.395833333336,38435.0,4990.0,139900.0
FJ,12,38854.25,38397.0,22990.0,52990.0
PIK-UP,7,34867.142857142855,38290.0,17800.0,39990.0
Kamiq,16,38196.5,37990.0,24990.0,47990.0
Kluger,180,40318.305555555555,37990.0,7750.0,89990.0
Seltos,14,39749.642857142855,37990.0,28999.0,53800.0
Leaf,23,39415.086956521736,37950.0,17995.0,61940.0
A5,28,47791.607142857145,37494.5,18988.0,102488.0
595,2,37490.0,37490.0,36990.0,37990.0
Haval,110,37450.01818181818,37485.0,23998.0,47490.0
435I,2,37375.0,37375.0,36800.0,37950.0
D90,20,38388.9,37290.0,28990.0,51990.0
Pajero,135,35934.985185185185,36999.0,7999.0,68990.0
XE,7,47768.42857142857,36990.0,28888.0,79825.0
Jolion,7,35046.142857142855,36990.0,28990.0,40990.0
Ranger,398,40025.56030150754,36970.0,8990.0,121990.0
Endura,15,35899.0,36950.0,30988.0,40888.0
Hilux,430,38190.92558139535,36919.0,4750.0,84999.0
Ducato,5,50343.2,36888.0,10990.0,129975.0
Touareg,32,61319.90625,36492.5,7999.0,145044.0
428I,3,33665.666666666664,35999.0,24999.0,39999.0
IS200T,5,36738.6,35990.0,33990.0,40990.0
H9,7,35265.57142857143,35990.0,29910.0,38990.0
X5,58,53989.8275862069,35990.0,7900.0,227900.0
D-MAX,131,38006.03816793893,35990.0,9513.0,74990.0
3008,11,39252.72727272727,35971.0,27990.0,64930.0
S60,8,39946.5,35940.0,13990.0,79773.0
Omoda5,8,35215.0,35940.0,31690.0,37690.0
230I,2,35919.0,35919.0,31888.0,39950.0
Q2,21,37943.09523809524,35880.0,25990.0,58900.0
GS250,1,35880.0,35880.0,35880.0,35880.0
Alphard,15,47264.933333333334,34995.0,21995.0,104990.0
MX-30,3,32976.666666666664,34990.0,28950.0,34990.0
T-Cross,47,35104.59574468085,34990.0,24990.0,42990.0
Acadia,14,35520.57142857143,34990.0,28690.0,44990.0
Clubman,9,39516.444444444445,34990.0,26990.0,64300.0
BT-50,194,37950.28350515464,34990.0,8999.0,79888.0
C-HR,85,35815.458823529414,34990.0,19800.0,54500.0
T3,1,34950.0,34950.0,34950.0,34950.0
508,2,34935.0,34935.0,19990.0,49880.0
GLA180,6,36249.166666666664,34914.5,29888.0,46988.0
MX-5,13,30213.384615384617,34888.0,7788.0,48990.0
X1,37,31833.54054054054,34880.0,11800.0,70400.0
Granvia,2,34494.5,34494.5,9999.0,58990.0
C200,50,34052.62,34395.0,4999.0,99800.0
T60,48,35009.8125,34244.0,24900.0,47884.0
Regius,1,33995.0,33995.0,33995.0,33995.0
120I,1,33990.0,33990.0,33990.0,33990.0
CLA200,7,34649.28571428572,33990.0,24999.0,47990.0
A4,39,35514.61538461538,33990.0,2999.0,78000.0
A8,1,33990.0,33990.0,33990.0,33990.0
GLA220,2,33985.0,33985.0,32990.0,34980.0
GLA250,12,35003.833333333336,33970.0,24990.0,46800.0
CX-5,220,33482.318181818184,33934.0,13992.0,59975.0
Sorento,85,34576.16470588235,33288.0,7999.0,81080.0
Mazda3,4,33307.5,33195.0,30320.0,36520.0
Noah,5,29785.8,32999.0,18990.0,39950.0
Voxy,10,30393.5,32999.0,17000.0,44950.0
Scala,5,34190.0,32990.0,29990.0,39990.0
E500,3,25990.0,32990.0,9990.0,34990.0
Trailblazer,28,34743.07142857143,32939.0,22999.0,48990.0
4,3,33630.0,32900.0,29990.0,38000.0
GL500,1,32900.0,32900.0,32900.0,32900.0
XC60,48,45771.833333333336,32829.5,8990.0,102900.0
220I,12,42072.083333333336,32490.0,22995.0,74888.0
Vezel,6,31104.166666666668,32474.5,21888.0,37950.0
BRZ,12,32618.75,32470.0,21990.0,43888.0
C250,30,32432.066666666666,32395.0,14999.0,49990.0
Korando,9,26027.222222222223,32370.0,7750.0,38485.0
Avalanche,1,31995.0,31995.0,31995.0,31995.0
Paceman,1,31990.0,31990.0,31990.0,31990.0
Camry,246,29897.975609756097,31990.0,2500.0,63888.0
Cabrio,1,31990.0,31990.0,31990.0,31990.0
Triton,301,32661.950166112958,31987.0,5800.0,71850.0
ZS,49,34220.61224489796,31960.0,17913.0,57709.0
RX,6,34301.666666666664,31945.0,11950.0,59990.0
HiAce,206,35265.69902912621,31945.0,9999.0,84990.0
HS,114,33801.51754385965,31890.0,21950.0,53690.0
118I,17,33144.35294117647,31888.0,16990.0,57988.0
520D,2,31494.5,31494.5,28999.0,33990.0
Santa,129,34629.589147286824,30990.0,6900.0,75893.0
Levorg,4,33829.5,30970.0,28990.0,44388.0
Puma,25,31310.44,30800.0,26990.0,36990.0
CLS500,2,30450.0,30450.0,12950.0,47950.0
Koleos,67,33000.92537313433,29999.0,8990.0,51490.0
V80,9,30302.222222222223,29999.0,14995.0,46306.0
NX200T,7,33906.857142857145,29998.0,27980.0,42500.0
NV350,1,29995.0,29995.0,29995.0,29995.0
Outback,105,29399.438095238096,29990.0,4990.0,51990.0
G10,30,28952.2,29990.0,18913.0,39537.0
CR-V,111,29019.234234234234,29988.0,3499.0,53600.0
Eclipse,51,33182.901960784315,29980.0,18888.0,61420.0
Escape,40,30754.025,29945.0,3999.0,54990.0
Stanza,1,29888.0,29888.0,29888.0,29888.0
Mini,3,33221.333333333336,29888.0,27888.0,41888.0
XF,7,29078.285714285714,29800.0,18888.0,42980.0
ZST,59,30359.661016949154,29690.0,25990.0,35690.0
530I,4,46742.0,29499.0,12990.0,114980.0
Colorado,197,30436.598984771572,29490.0,6999.0,95984.0
Patrol,67,39526.20895522388,28999.0,9999.0,109990.0
CT200H,5,27140.4,28990.0,18990.0,33352.0
A3,59,30887.84745762712,28990.0,6995.0,69788.0
Other,6,34970.166666666664,28974.5,24888.0,59990.0
Outlander,228,28542.780701754386,28938.5,8500.0,62412.0
GL-Class,1,28900.0,28900.0,28900.0,28900.0
I3,1,28888.0,28888.0,28888.0,28888.0
220D,1,28800.0,28800.0,28800.0,28800.0
GLA200,3,28050.0,28500.0,25850.0,29800.0
500,32,74052.65625,28495.0,9766.0,213178.0
Superb,16,35712.625,28494.5,10850.0,73540.0
228I,2,28435.0,28435.0,26990.0,29880.0
Atlas,1,28000.0,28000.0,28000.0,28000.0
86,24,29752.416666666668,27990.0,19900.0,44990.0
Corolla,405,26215.883950617284,27990.0,2995.0,57344.0
Tucson,193,30559.00518134715,27990.0,6990.0,58990.0
SL350,1,27980.0,27980.0,27980.0,27980.0
XC90,18,39568.27777777778,27956.0,9990.0,124990.0
Trafic,17,33905.76470588235,27950.0,16999.0,63000.0
E350,9,49211.0,27950.0,7999.0,134800.0
Caddy,36,28900.305555555555,27888.0,10990.0,57690.0
Kona,109,31291.4128440367,27580.0,20990.0,63998.0
420D,1,27500.0,27500.0,27500.0,27500.0
Forester,156,25418.42948717949,27490.0,3200.0,51990.0
Qashqai,101,29837.72277227723,27490.0,14990.0,52628.0
Scirocco,4,29740.0,27490.0,25990.0,37990.0
Hijet,10,27523.9,27443.5,9990.0,36888.0
Transporter,22,33664.40909090909,27245.0,6999.0,73888.0
Juke,25,25286.92,26999.0,12990.0,40958.0
Note,6,26612.333333333332,26999.0,22888.0,29950.0
Venue,20,27645.45,26991.0,22990.0,32998.0
Prius-C,1,26990.0,26990.0,26990.0,26990.0
Sportage,152,27331.99342105263,26990.0,4990.0,64990.0
Roadster,1,26990.0,26990.0,26990.0,26990.0
RX270,3,26657.333333333332,26987.0,24995.0,27990.0
225I,3,26646.333333333332,26950.0,23999.0,28990.0
Integra,2,26939.5,26939.5,4999.0,48880.0
Pathfinder,73,31291.328767123287,26920.0,6880.0,90990.0
Sierra,1,26888.0,26888.0,26888.0,26888.0
X-Trail,263,26200.756653992394,26880.0,5990.0,66152.0
M-Class,4,26969.0,26499.0,14990.0,39888.0
Express,8,28058.875,26494.5,8549.0,50490.0
XV,82,26076.20731707317,26394.5,7999.0,37999.0
Golf,188,29240.340425531915,25999.0,6999.0,74888.0
Kadjar,1,25996.0,25996.0,25996.0,25996.0
HR-V,41,26805.09756097561,25995.0,19990.0,42990.0
A6,13,42055.153846153844,25990.0,8200.0,125000.0
Navara,247,28837.947368421053,25990.0,7995.0,69990.0
SLK350,1,25990.0,25990.0,25990.0,25990.0
Stonic,23,26560.739130434784,25990.0,22885.0,33967.0
335I,2,25970.0,25970.0,19990.0,31950.0
Vitara,52,27221.423076923078,25939.0,16990.0,41888.0
328I,8,27536.0,25935.0,19788.0,38950.0
Mazda2,2,25890.0,25890.0,24290.0,27490.0
Vellfire,11,34220.454545454544,25888.0,17999.0,89950.0
Iload,60,25999.916666666668,25706.5,8980.0,42999.0
Cooper,26,25728.23076923077,25690.0,9995.0,61900.0
CX-3,80,26973.475,25655.0,15990.0,42288.0
Calais,54,27387.01851851852,25494.5,4999.0,89888.0
Passat,51,33227.1568627451,25490.0,2050.0,75990.0
C220,4,27966.75,25443.5,12990.0,47990.0
ASX,165,24241.62424242424,24999.0,7990.0,35990.0
LX470,1,24999.0,24999.0,24999.0,24999.0
180,1,24999.0,24999.0,24999.0,24999.0
Sai,5,23177.8,24999.0,17990.0,27000.0
Civic,80,26212.925,24994.5,6995.0,78800.0
7,2,24994.5,24994.5,22999.0,26990.0
Equinox,15,24475.466666666667,24990.0,13990.0,32990.0
Grand,195,35312.338461538464,24990.0,5999.0,159990.0
Cooper_Countryman,1,24990.0,24990.0,24990.0,24990.0
E250,15,26797.333333333332,24990.0,11999.0,42990.0
H2,5,29191.8,24990.0,18990.0,52999.0
420,1,24990.0,24990.0,24990.0,24990.0
CLK500,1,24990.0,24990.0,24990.0,24990.0
ML250,5,25128.6,24950.0,18913.0,29990.0
Genesis,3,23815.333333333332,24690.0,19999.0,26757.0
218I,6,35911.333333333336,24395.0,14800.0,66900.0
2008,6,24890.666666666668,24240.0,14990.0,38945.0
Vito,18,26671.38888888889,23990.0,7999.0,69800.0
Rapid,3,23656.666666666668,23990.0,22990.0,23990.0
Beetle,3,20622.0,23990.0,12988.0,24888.0
Carry,3,23559.333333333332,23990.0,20800.0,25888.0
Cerato,233,23768.982832618025,23977.0,6850.0,41990.0
Caravan,9,25240.11111111111,23888.0,18888.0,35888.0
Crown,21,24220.95238095238,23888.0,17888.0,39950.0
I30,364,24219.14285714286,23770.0,2650.0,66990.0
218D,2,23648.5,23648.5,21497.0,25800.0
Celica,2,23499.0,23499.0,6999.0,39999.0
300C,4,23046.25,23493.5,15199.0,29999.0
Q50,2,23490.0,23490.0,21990.0,24990.0
GS,2,23490.0,23490.0,7990.0,38990.0
Ractis,2,23441.5,23441.5,17995.0,28888.0
IS250C,1,22999.0,22999.0,22999.0,22999.0
B200,7,19120.571428571428,22999.0,8995.0,27990.0
Imax,23,23625.130434782608,22990.0,12999.0,39990.0
Berlingo,5,19790.8,22990.0,10990.0,24980.0
350Z,1,22990.0,22990.0,22990.0,22990.0
Serena,12,22443.166666666668,22947.5,15888.0,26999.0
ML350,11,21414.636363636364,22945.0,8990.0,34990.0
Swift,112,20971.08035714286,22898.5,3990.0,35585.0
Midget,1,22888.0,22888.0,22888.0,22888.0
Stagea,1,22880.0,22880.0,22880.0,22880.0
Prius,18,27542.666666666668,22740.0,10999.0,54990.0
H8,1,22733.0,22733.0,22733.0,22733.0
Odyssey,28,25796.39285714286,22448.5,4899.0,67990.0
Cherokee,20,24943.85,22170.0,12990.0,46999.0
ML300,1,21999.0,21999.0,21999.0,21999.0
740LI,1,21990.0,21990.0,21990.0,21990.0
Viano,1,21990.0,21990.0,21990.0,21990.0
Ignis,19,22695.736842105263,21980.0,18999.0,27180.0
C-CLASS,12,31016.833333333332,21970.0,13950.0,64888.0
Sonata,29,27234.793103448275,21950.0,14999.0,56495.0
Delica,19,22907.36842105263,21950.0,14999.0,37500.0
Altezza,2,21943.5,21943.5,17999.0,25888.0
Sambar,1,21888.0,21888.0,21888.0,21888.0
IS250,6,19144.166666666668,21494.5,5999.0,28888.0
320I,22,33564.63636363636,21490.0,5999.0,86990.0
B-Class,4,22059.25,21120.0,16999.0,28998.0
190,2,20990.0,20990.0,19990.0,21990.0
CLS350,2,20990.0,20990.0,19990.0,21990.0
1,5,28739.4,20800.0,11999.0,69900.0
XJ8,2,19999.0,19999.0,14999.0,24999.0
6,94,22045.468085106382,19994.5,1200.0,57042.0
Kangoo,12,22403.25,19994.5,9999.0,35996.0
Baleno,27,20029.703703703704,19990.0,14999.0,22999.0
MG6,1,19990.0,19990.0,19990.0,19990.0
A1,28,25275.964285714286,19990.0,10888.0,54990.0
Impreza,88,22410.56818181818,19990.0,4999.0,118880.0
Legacy,3,20255.333333333332,19990.0,19888.0,20888.0
Commodore,283,22201.204946996466,19980.0,4995.0,94990.0
Estima,89,20382.696629213482,19900.0,9990.0,35900.0
Every,3,20923.666666666668,19888.0,17995.0,24888.0
Axela,1,19888.0,19888.0,19888.0,19888.0
Picanto,43,19422.93023255814,19880.0,13990.0,23990.0
Caprice,11,22496.272727272728,19870.0,9950.0,36990.0
Renegade,4,20655.0,19840.0,17990.0,24950.0
Fit,16,20649.0625,19775.0,14995.0,27995.0
Cascada,4,20321.25,19670.0,16950.0,24995.0
325I,2,19490.0,19490.0,13990.0,24990.0
Yaris,120,22178.266666666666,19340.0,4990.0,49990.0
Elgrand,49,20262.530612244896,19000.0,12995.0,35900.0
Caldina,1,19000.0,19000.0,19000.0,19000.0
MG3,51,18828.313725490196,18999.0,14800.0,22705.0
CLK280,1,18999.0,18999.0,18999.0,18999.0
Veloster,37,19159.324324324323,18990.0,10990.0,25950.0
Steed,3,18656.666666666668,18990.0,17990.0,18990.0
118D,5,20133.4,18990.0,13999.0,27990.0
CC,1,18990.0,18990.0,18990.0,18990.0
Polo,69,19526.260869565216,18982.0,7999.0,45990.0
Challenger,11,19521.18181818182,18980.0,11800.0,29990.0
Airtrek,1,18888.0,18888.0,18888.0,18888.0
3,239,19980.23849372385,18880.0,2995.0,76990.0
V40,6,18548.0,18675.0,5999.0,27990.0
125I,4,19994.25,18494.5,15990.0,26998.0
B250,2,18490.0,18490.0,16990.0,19990.0
Soul,2,18489.0,18489.0,17988.0,18990.0
316I,1,17999.0,17999.0,17999.0,17999.0
500X,1,17999.0,17999.0,17999.0,17999.0
Megane,25,31550.16,17990.0,10990.0,78309.0
Tarago,29,23339.379310344826,17990.0,6990.0,41999.0
R300,1,17990.0,17990.0,17990.0,17990.0
Cube,6,17539.333333333332,17894.0,12499.0,22000.0
C4,1,17880.0,17880.0,17880.0,17880.0
Scudo,2,17494.5,17494.5,14990.0,19999.0
Rondo,5,15834.8,17351.0,2995.0,24950.0
135I,2,17109.5,17109.5,16999.0,17220.0
330D,1,16999.0,16999.0,16999.0,16999.0
Astra,51,14447.450980392157,16999.0,3999.0,23990.0
RX-8,1,16995.0,16995.0,16995.0,16995.0
116I,3,16298.0,16995.0,14900.0,16999.0
C180,5,15374.0,16990.0,9990.0,18990.0
Liberty,53,19161.188679245282,16990.0,4999.0,35950.0
Mondeo,27,16795.11111111111,16990.0,3999.0,29990.0
Elantra,41,16288.780487804877,16990.0,2995.0,26090.0
Xenon,1,16990.0,16990.0,16990.0,16990.0
Trax,44,17233.204545454544,16990.0,9990.0,24995.0
Kuga,18,17143.833333333332,16970.0,7999.0,22990.0
V60,1,16880.0,16880.0,16880.0,16880.0
Tribeca,5,15274.0,16600.0,10990.0,16990.0
Doblo,2,16494.5,16494.5,15990.0,16999.0
Clio,9,17836.666666666668,16490.0,11888.0,22990.0
I40,13,16869.30769230769,16490.0,10900.0,22999.0
Optima,10,17871.9,16490.0,9999.0,24990.0
CR-Z,2,16220.0,16220.0,14450.0,17990.0
ML500,2,15997.0,15997.0,14999.0,16995.0
2,83,21447.481927710844,15995.0,5990.0,102880.0
IX35,59,15622.22033898305,15990.0,8990.0,24990.0
Tunland,3,17996.0,15990.0,12999.0,24999.0
308,19,18100.473684210527,15990.0,9990.0,47990.0
4008,3,16326.333333333334,15990.0,12999.0,19990.0
Actyon,3,13661.333333333334,15990.0,8999.0,15995.0
RIO,66,15970.287878787878,15918.0,2999.0,32490.0
City,6,15319.666666666666,15494.5,8950.0,22990.0
Mark,2,15388.0,15388.0,14888.0,15888.0
Fabia,6,17859.0,15207.5,9950.0,38990.0
RCZ,1,14999.0,14999.0,14999.0,14999.0
R320,1,14999.0,14999.0,14999.0,14999.0
Focus,86,18472.279069767443,14999.0,6499.0,59990.0
320D,11,17137.81818181818,14999.0,6999.0,29800.0
208,3,14876.666666666666,14990.0,13650.0,15990.0
X,3,13956.0,14990.0,10888.0,15990.0
GL320,1,14988.0,14988.0,14988.0,14988.0
CLC200,6,14557.833333333334,14939.0,7999.0,17990.0
Freemont,7,14689.142857142857,14888.0,9999.0,19999.0
Altima,3,15614.666666666666,14880.0,12999.0,18965.0
B4000,1,14499.0,14499.0,14499.0,14499.0
Territory,106,14516.443396226416,14170.0,5888.0,29990.0
C230,1,13999.0,13999.0,13999.0,13999.0
Accent,61,14386.016393442624,13999.0,5000.0,20990.0
C320,1,13999.0,13999.0,13999.0,13999.0
Falcon,106,18371.056603773584,13999.0,2995.0,129990.0
Ecosport,11,14876.272727272728,13999.0,8999.0,19888.0
Spark,1,13990.0,13990.0,13990.0,13990.0
323I,3,13656.666666666666,13990.0,11990.0,14990.0
Jazz,35,14301.342857142858,13990.0,5700.0,24980.0
Jetta,10,12777.9,13990.0,5840.0,18990.0
Patriot,11,14210.636363636364,13990.0,8000.0,18990.0
330CI,1,13990.0,13990.0,13990.0,13990.0
Statesman,6,13326.0,13990.0,6999.0,19990.0
Celerio,1,13880.0,13880.0,13880.0,13880.0
RX330,3,13866.0,13799.0,11800.0,15999.0
E20,1,13500.0,13500.0,13500.0,13500.0
C3,2,13494.5,13494.5,9999.0,16990.0
Stavic,2,13494.5,13494.5,12990.0,13999.0
XUV500,2,13490.0,13490.0,12990.0,13990.0
Corsa,1,12995.0,12995.0,12995.0,12995.0
Journey,9,13262.555555555555,12995.0,8999.0,17990.0
Romeo,14,24295.85714285714,12992.5,88.0,91990.0
Lancer,94,15771.18085106383,12991.0,4990.0,44995.0
I20,28,17634.0,12990.0,7990.0,47990.0
Captiva,138,13947.884057971014,12990.0,5499.0,23888.0
Mirage,13,12827.615384615385,12990.0,7990.0,18999.0
Accord,36,16965.444444444445,12990.0,5499.0,57900.0
XC70,1,12990.0,12990.0,12990.0,12990.0
Almera,1,12990.0,12990.0,12990.0,12990.0
Nitro,3,12320.0,12990.0,9980.0,13990.0
Pulsar,34,11950.764705882353,12909.5,2995.0,39888.0
Maverick,1,12900.0,12900.0,12900.0,12900.0
Malibu,4,12744.5,12494.5,11990.0,13999.0
I45,8,12214.375,12494.5,7999.0,16888.0
Wall,16,13059.6875,12492.5,7990.0,19490.0
CLK320,4,12819.75,12244.5,9800.0,16990.0
Crewman,8,12743.875,11997.0,7999.0,17999.0
R-Class,1,11990.0,11990.0,11990.0,11990.0
Aurion,22,11233.681818181818,11990.0,5950.0,18900.0
Alto,8,12952.625,11990.0,7990.0,20888.0
Kizashi,2,11956.0,11956.0,9999.0,13913.0
Dualis,37,11741.378378378378,11888.0,3200.0,19990.0
EOS,5,13377.8,11490.0,9420.0,19990.0
CX-7,26,11491.538461538461,11334.0,8450.0,14990.0
Berlina,2,11249.0,11249.0,7499.0,14999.0
Murano,7,12248.857142857143,10999.0,9999.0,15888.0
Jackaroo,1,10990.0,10990.0,10990.0,10990.0
DS4,1,10990.0,10990.0,10990.0,10990.0
C30,3,12266.666666666666,10913.0,8999.0,16888.0
E2000,2,10494.5,10494.5,5990.0,14999.0
ML320,4,10992.0,10494.0,8990.0,13990.0
Barina,58,10528.086206896553,10456.0,2999.0,17490.0
Combo,2,10244.5,10244.5,8499.0,11990.0
CLK-Class,1,9999.0,9999.0,9999.0,9999.0
B180,3,12326.333333333334,9999.0,9990.0,16990.0
Cruze,105,10367.0,9995.0,4500.0,15490.0
Fairlane,2,9994.5,9994.5,8999.0,10990.0
V50,1,9990.0,9990.0,9990.0,9990.0
Rodeo,24,10106.916666666666,9990.0,5999.0,14999.0
Micra,15,9839.8,9987.0,5990.0,13982.0
Commander,3,11659.666666666666,9985.0,7995.0,16999.0
Fiesta,44,10796.477272727272,9970.0,4950.0,30888.0
120D,1,9900.0,9900.0,9900.0,9900.0
SX4,9,17030.222222222223,9894.0,7500.0,43990.0
Maxima,11,10224.09090909091,9800.0,6989.0,14760.0
Avensis,4,9467.0,9437.5,6995.0,11998.0
DS3,2,9383.5,9383.5,8990.0,9777.0
Punto,1,8990.0,8990.0,8990.0,8990.0
Panda,1,8990.0,8990.0,8990.0,8990.0
Verada,1,8990.0,8990.0,8990.0,8990.0
Tiida,9,8595.888888888889,8990.0,6990.0,9990.0
X200,1,8990.0,8990.0,8990.0,8990.0
B2500,1,8990.0,8990.0,8990.0,8990.0
Adventra,4,9242.25,8499.5,6990.0,12980.0
Courier,4,7574.0,8399.0,3499.0,9999.0
J11,1,7999.0,7999.0,7999.0,7999.0
S430,1,7999.0,7999.0,7999.0,7999.0
K2700,1,7999.0,7999.0,7999.0,7999.0
Spectra,1,7999.0,7999.0,7999.0,7999.0
Viva,1,7995.0,7995.0,7995.0,7995.0
Fairmont,1,7995.0,7995.0,7995.0,7995.0
S16,1,7990.0,7990.0,7990.0,7990.0
PT,1,7985.0,7985.0,7985.0,7985.0
Avalon,2,7894.5,7894.5,7799.0,7990.0
ES300,1,7888.0,7888.0,7888.0,7888.0
V240,1,7750.0,7750.0,7750.0,7750.0
Colt,1,7750.0,7750.0,7750.0,7750.0
407,2,7744.5,7744.5,7499.0,7990.0
Terracan,5,7756.0,7500.0,6350.0,9990.0
MPV,4,7486.75,7499.0,6950.0,7999.0
525I,1,7499.0,7499.0,7499.0,7499.0
207,4,9095.5,7444.0,6499.0,14995.0
307,1,6999.0,6999.0,6999.0,6999.0
APV,1,6999.0,6999.0,6999.0,6999.0
A170,1,6999.0,6999.0,6999.0,6999.0
A190,1,6990.0,6990.0,6990.0,6990.0
Laguna,1,6990.0,6990.0,6990.0,6990.0
Echo,7,7705.571428571428,6990.0,6200.0,9771.0
Getz,18,7399.777777777777,6990.0,2999.0,13990.0
Trajet,1,6990.0,6990.0,6990.0,6990.0
Epica,2,6943.5,6943.5,4999.0,8888.0
Tribute,5,7135.6,6799.0,4990.0,9900.0
3-Sep,2,6699.5,6699.5,5400.0,7999.0
318I,2,6489.0,6489.0,5990.0,6988.0
Magna,2,6474.0,6474.0,5999.0,6949.0
MK,1,6450.0,6450.0,6450.0,6450.0
380,3,5744.666666666667,6284.0,4500.0,6450.0
E240,1,5999.0,5999.0,5999.0,5999.0
SP23,1,5995.0,5995.0,5995.0,5995.0
XL-7,1,5990.0,5990.0,5990.0,5990.0
Vectra,1,5990.0,5990.0,5990.0,5990.0
121,1,5990.0,5990.0,5990.0,5990.0
J3,1,5990.0,5990.0,5990.0,5990.0
Fortwo,1,5985.0,5985.0,5985.0,5985.0
MB100,2,5947.0,5947.0,1895.0,9999.0
Laser,1,4990.0,4990.0,4990.0,4990.0
S40,1,4990.0,4990.0,4990.0,4990.0
320CI,1,3999.0,3999.0,3999.0,3999.0
Roomster,1,3999.0,3999.0,3999.0,3999.0
323,2,3925.0,3925.0,3300.0,4550.0
Sebring,3,4548.0,3750.0,1895.0,7999.0
Festiva,1,2500.0,2500.0,2500.0,2500.0
Lanos,1,900.0,900.0,900.0,900.0
