ModelYear,ListingCount,MeanPrice,MedianPrice
1940,1,64990.0,64990.0
1959,1,1500000.0,1500000.0
1970,1,129990.0,129990.0
1975,1,39990.0,39990.0
1978,1,97500.0,97500.0
1979,1,29888.0,29888.0
1981,2,19545.0,19545.0
1984,1,148880.0,148880.0
1985,2,59495.0,59495.0
1986,1,69990.0,69990.0
1989,5,39573.2,24990.0
1990,5,59751.8,12900.0
1991,1,29800.0,29800.0
1992,2,17688.0,17688.0
1993,6,42043.0,39944.5
1994,9,45051.333333333336,29990.0
1995,2,44937.5,44937.5
1996,8,19968.625,15444.0
1997,9,22228.222222222223,21990.0
1998,30,24038.666666666668,14895.0
1999,29,23023.103448275862,14999.0
2000,44,17587.545454545456,8449.5
2001,37,17335.64864864865,7990.0
2002,64,20422.546875,9994.5
2003,74,14828.918918918918,11499.0
2004,117,13960.726495726496,9990.0
2005,173,14883.56647398844,9799.0
2006,220,14057.427272727273,10990.0
2007,269,16821.059479553904,11990.0
2008,325,17343.956923076923,12990.0
2009,378,15272.214285714286,12999.0
2010,454,16834.6718061674,13990.0
2011,518,17631.368725868724,14965.0
2012,696,19656.030172413793,15990.0
2013,850,20723.216470588235,17960.0
2014,876,23787.076484018264,19990.0
2015,1083,28293.8513388735,23999.0
2016,1123,32457.441674087266,27995.0
2017,1348,35965.29005934718,29997.0
2018,1598,38302.5381727159,33879.0
2019,1480,42267.424324324325,35990.0
2020,1134,45319.36155202822,35990.0
2021,1096,49198.65967153285,39990.0
2022,1307,59821.814078041316,49990.0
2023,1241,77165.12006446414,57344.0
