ColumnName,DataType,NonNullCount,NullCount,NullPercentage,UniqueCount
Brand,object,16733,1,0.01,76
Year,float64,16733,1,0.01,45
Model,object,16733,1,0.01,781
Car/Suv,object,16706,28,0.17,618
Title,object,16733,1,0.01,8804
UsedOrNew,object,16733,1,0.01,3
Transmission,object,16733,1,0.01,3
Engine,object,16733,1,0.01,106
DriveType,object,16733,1,0.01,5
FuelType,object,16733,1,0.01,9
FuelConsumption,object,16733,1,0.01,157
Kilometres,object,16733,1,0.01,14262
ColourExtInt,object,16733,1,0.01,834
Location,object,16284,450,2.69,618
CylindersinEngine,object,16733,1,0.01,11
BodyType,object,16452,282,1.69,10
Doors,object,15130,1604,9.59,13
Seats,object,15029,1705,10.19,13
Price,object,16731,3,0.02,3794
