,MissingCount,MissingPercentage
Suburb,16675,100.0
StateCode,16675,100.0
Postcode,16675,100.0
LocationMatchScore,16675,100.0
Longitude,16675,100.0
Latitude,16675,100.0
VehicleSpecificationId,14857,89.1
VehicleMatchScore,14857,89.1
Seats,1699,10.19
FuelConsumptionLPer100Km,1692,10.15
CylinderCount,1669,10.01
Doors,1598,9.58
FuelType,617,3.7
Kilometres,577,3.46
BodyType,281,1.69
Transmission,250,1.5
ListingPrice,52,0.31
DriveType,0,0.0
MakeName,0,0.0
ModelName,0,0.0
ModelYear,0,0.0
CarListingId,0,0.0
FactCarListingKey,0,0.0
SourceFileName,0,0.0
LoadedAtUtc,0,0.0
